Copyright 1986-2022 Xilinx, Inc. All Rights Reserved. Copyright 2022-2025 Advanced Micro Devices, Inc. All Rights Reserved.
---------------------------------------------------------------------------------------------------------------------------------------------
| Tool Version : Vivado v.2025.2 (win64) Build 6299465 Fri Nov 14 19:35:11 GMT 2025
| Date         : Fri Feb 20 15:46:47 2026
| Host         : ELVIS-ASUS-VIVOBOOK running 64-bit major release  (build 9200)
| Command      : report_control_sets -verbose -file design_1_wrapper_control_sets_placed.rpt
| Design       : design_1_wrapper
| Device       : xck26
---------------------------------------------------------------------------------------------------------------------------------------------

Control Set Information

Table of Contents
-----------------
1. Summary
2. Histogram
3. Flip-Flop Distribution
4. Detailed Control Set Information

1. Summary
----------

+----------------------------------------------------------+-------+
|                          Status                          | Count |
+----------------------------------------------------------+-------+
| Total control sets                                       |   473 |
|    Minimum number of control sets                        |   473 |
|    Addition due to synthesis replication                 |     0 |
|    Addition due to physical synthesis replication        |     0 |
| Unused register locations in slices containing registers |   595 |
+----------------------------------------------------------+-------+
* Control sets can be merged at opt_design using control_set_merge or merge_equivalent_drivers
** Run report_qor_suggestions for automated merging and remapping suggestions


2. Histogram
------------

+--------------------+-------+
|       Fanout       | Count |
+--------------------+-------+
| Total control sets |   473 |
| >= 0 to < 4        |   175 |
| >= 4 to < 6        |    61 |
| >= 6 to < 8        |    33 |
| >= 8 to < 10       |    32 |
| >= 10 to < 12      |    12 |
| >= 12 to < 14      |    29 |
| >= 14 to < 16      |     2 |
| >= 16              |   129 |
+--------------------+-------+
* Control sets can be remapped at either synth_design or opt_design


3. Flip-Flop Distribution
-------------------------

+--------------+-----------------------+------------------------+-----------------+--------------+
| Clock Enable | Synchronous Set/Reset | Asynchronous Set/Reset | Total Registers | Total Slices |
+--------------+-----------------------+------------------------+-----------------+--------------+
| No           | No                    | No                     |             428 |          128 |
| No           | No                    | Yes                    |              78 |           26 |
| No           | Yes                   | No                     |             607 |          295 |
| Yes          | No                    | No                     |            2308 |          290 |
| Yes          | No                    | Yes                    |               0 |            0 |
| Yes          | Yes                   | No                     |            2792 |          620 |
+--------------+-----------------------+------------------------+-----------------+--------------+


4. Detailed Control Set Information
-----------------------------------

+--------------------------------------------+---------------------------------------------------------------------------------------------------------------------------------------------------------------------------------------------------------------+-----------------------------------------------------------------------------------------------------------------------------------------------------------------------------------+------------------+----------------+--------------+
|                Clock Signal                |                                                                                                 Enable Signal                                                                                                 |                                                                                  Set/Reset Signal                                                                                 | Slice Load Count | Bel Load Count | Bels / Slice |
+--------------------------------------------+---------------------------------------------------------------------------------------------------------------------------------------------------------------------------------------------------------------+-----------------------------------------------------------------------------------------------------------------------------------------------------------------------------------+------------------+----------------+--------------+
|  design_1_i/zynq_ultra_ps_e_0/inst/pl_clk0 |                                                                                                                                                                                                               | design_1_i/axi_smc/inst/m01_nodes/m01_w_node/inst/mi_handler_m_sc_areset                                                                                                          |                1 |              1 |         1.00 |
|  design_1_i/zynq_ultra_ps_e_0/inst/pl_clk0 | design_1_i/axi_smc/inst/m00_exit_pipeline/m00_exit/inst/b_reg/skid_buffer[1057]_i_1_n_0                                                                                                                       |                                                                                                                                                                                   |                1 |              1 |         1.00 |
|  design_1_i/zynq_ultra_ps_e_0/inst/pl_clk0 |                                                                                                                                                                                                               | design_1_i/axi_smc/inst/m01_nodes/m01_b_node/inst/s_sc_areset_pipe                                                                                                                |                1 |              1 |         1.00 |
|  design_1_i/zynq_ultra_ps_e_0/inst/pl_clk0 |                                                                                                                                                                                                               | design_1_i/axi_smc/inst/m00_nodes/m00_w_node/inst/mi_handler_m_sc_areset                                                                                                          |                1 |              1 |         1.00 |
|  design_1_i/zynq_ultra_ps_e_0/inst/pl_clk0 |                                                                                                                                                                                                               | design_1_i/axi_smc/inst/m00_nodes/m00_w_node/inst/s_sc_areset_pipe                                                                                                                |                1 |              1 |         1.00 |
|  design_1_i/zynq_ultra_ps_e_0/inst/pl_clk0 | design_1_i/axi_smc/inst/m00_exit_pipeline/m00_exit/inst/splitter_inst/gen_axi4lite.axilite_conv/s_axi_rresp_i[1]_i_1_n_0                                                                                      | design_1_i/axi_smc/inst/m00_exit_pipeline/m00_exit/inst/areset                                                                                                                    |                1 |              1 |         1.00 |
|  design_1_i/zynq_ultra_ps_e_0/inst/pl_clk0 |                                                                                                                                                                                                               | design_1_i/axi_smc/inst/m01_nodes/m01_b_node/inst/mi_handler_m_sc_areset                                                                                                          |                1 |              1 |         1.00 |
|  design_1_i/zynq_ultra_ps_e_0/inst/pl_clk0 |                                                                                                                                                                                                               | design_1_i/axi_smc/inst/m00_nodes/m00_ar_node/inst/mi_handler_m_sc_areset                                                                                                         |                1 |              1 |         1.00 |
|  design_1_i/zynq_ultra_ps_e_0/inst/pl_clk0 |                                                                                                                                                                                                               | design_1_i/axi_timer_0/U0/AXI4_LITE_I/I_SLAVE_ATTACHMENT/I_DECODER/GEN_BKEND_CE_REGISTERS[4].ce_out_i_reg[4]_0                                                                    |                1 |              1 |         1.00 |
|  design_1_i/zynq_ultra_ps_e_0/inst/pl_clk0 |                                                                                                                                                                                                               | design_1_i/axi_timer_0/U0/AXI4_LITE_I/I_SLAVE_ATTACHMENT/I_DECODER/GEN_BKEND_CE_REGISTERS[0].ce_out_i_reg[0]_0                                                                    |                1 |              1 |         1.00 |
|  design_1_i/zynq_ultra_ps_e_0/inst/pl_clk0 |                                                                                                                                                                                                               | design_1_i/axi_smc/inst/m00_nodes/m00_ar_node/inst/s_sc_areset_pipe                                                                                                               |                1 |              1 |         1.00 |
|  design_1_i/zynq_ultra_ps_e_0/inst/pl_clk0 |                                                                                                                                                                                                               | design_1_i/axi_smc/inst/m01_nodes/m01_r_node/inst/mi_handler_m_sc_areset                                                                                                          |                1 |              1 |         1.00 |
|  design_1_i/zynq_ultra_ps_e_0/inst/pl_clk0 |                                                                                                                                                                                                               | design_1_i/axi_smc/inst/m01_nodes/m01_r_node/inst/s_sc_areset_pipe                                                                                                                |                1 |              1 |         1.00 |
|  design_1_i/zynq_ultra_ps_e_0/inst/pl_clk0 |                                                                                                                                                                                                               | design_1_i/axi_smc/inst/m00_nodes/m00_aw_node/inst/mi_handler_m_sc_areset                                                                                                         |                1 |              1 |         1.00 |
|  design_1_i/zynq_ultra_ps_e_0/inst/pl_clk0 |                                                                                                                                                                                                               | design_1_i/axi_smc/inst/m00_nodes/m00_aw_node/inst/s_sc_areset_pipe                                                                                                               |                1 |              1 |         1.00 |
|  design_1_i/zynq_ultra_ps_e_0/inst/pl_clk0 |                                                                                                                                                                                                               | design_1_i/axi_smc/inst/m02_nodes/m02_aw_node/inst/mi_handler_m_sc_areset                                                                                                         |                1 |              1 |         1.00 |
|  design_1_i/zynq_ultra_ps_e_0/inst/pl_clk0 | design_1_i/axi_smc/inst/m00_exit_pipeline/m00_exit/inst/ar_reg/state                                                                                                                                          | design_1_i/axi_smc/inst/m00_exit_pipeline/m00_exit/inst/areset                                                                                                                    |                1 |              1 |         1.00 |
|  design_1_i/zynq_ultra_ps_e_0/inst/pl_clk0 |                                                                                                                                                                                                               | design_1_i/axi_smc/inst/m01_nodes/m01_ar_node/inst/mi_handler_m_sc_areset                                                                                                         |                1 |              1 |         1.00 |
|  design_1_i/zynq_ultra_ps_e_0/inst/pl_clk0 |                                                                                                                                                                                                               | design_1_i/axi_smc/inst/m01_nodes/m01_ar_node/inst/s_sc_areset_pipe                                                                                                               |                1 |              1 |         1.00 |
|  design_1_i/zynq_ultra_ps_e_0/inst/pl_clk0 |                                                                                                                                                                                                               | design_1_i/axi_smc/inst/m02_nodes/m02_aw_node/inst/s_sc_areset_pipe                                                                                                               |                1 |              1 |         1.00 |
|  design_1_i/zynq_ultra_ps_e_0/inst/pl_clk0 |                                                                                                                                                                                                               | design_1_i/axi_smc/inst/m01_nodes/m01_w_node/inst/s_sc_areset_pipe                                                                                                                |                1 |              1 |         1.00 |
|  design_1_i/zynq_ultra_ps_e_0/inst/pl_clk0 |                                                                                                                                                                                                               | design_1_i/axi_smc/inst/m00_nodes/m00_b_node/inst/mi_handler_m_sc_areset                                                                                                          |                1 |              1 |         1.00 |
|  design_1_i/zynq_ultra_ps_e_0/inst/pl_clk0 |                                                                                                                                                                                                               | design_1_i/axi_smc/inst/m00_nodes/m00_b_node/inst/s_sc_areset_pipe                                                                                                                |                1 |              1 |         1.00 |
|  design_1_i/zynq_ultra_ps_e_0/inst/pl_clk0 |                                                                                                                                                                                                               | design_1_i/axi_smc/inst/s00_nodes/s00_b_node/inst/s_sc_areset_pipe                                                                                                                |                1 |              1 |         1.00 |
|  design_1_i/zynq_ultra_ps_e_0/inst/pl_clk0 | design_1_i/axi_smc/inst/m00_exit_pipeline/m00_exit/inst/b_reg/m_vector_i[0]                                                                                                                                   |                                                                                                                                                                                   |                1 |              1 |         1.00 |
|  design_1_i/zynq_ultra_ps_e_0/inst/pl_clk0 |                                                                                                                                                                                                               | design_1_i/axi_timer_0/U0/TC_CORE_I/TIMER_CONTROL_I/READ_DONE0_I_i_1_n_0                                                                                                          |                1 |              1 |         1.00 |
|  design_1_i/zynq_ultra_ps_e_0/inst/pl_clk0 | design_1_i/axi_smc/inst/m01_exit_pipeline/m01_exit/inst/ar_reg/state                                                                                                                                          | design_1_i/axi_smc/inst/m01_exit_pipeline/m01_exit/inst/areset                                                                                                                    |                1 |              1 |         1.00 |
|  design_1_i/zynq_ultra_ps_e_0/inst/pl_clk0 |                                                                                                                                                                                                               | design_1_i/axi_smc/inst/m00_nodes/m00_r_node/inst/s_sc_areset_pipe                                                                                                                |                1 |              1 |         1.00 |
|  design_1_i/zynq_ultra_ps_e_0/inst/pl_clk0 |                                                                                                                                                                                                               | design_1_i/axi_smc/inst/m00_nodes/m00_r_node/inst/mi_handler_m_sc_areset                                                                                                          |                1 |              1 |         1.00 |
|  design_1_i/zynq_ultra_ps_e_0/inst/pl_clk0 |                                                                                                                                                                                                               | design_1_i/axi_smc/inst/s00_nodes/s00_ar_node/inst/s_sc_areset_pipe                                                                                                               |                1 |              1 |         1.00 |
|  design_1_i/zynq_ultra_ps_e_0/inst/pl_clk0 |                                                                                                                                                                                                               | design_1_i/axi_smc/inst/s00_nodes/s00_ar_node/inst/mi_handler_m_sc_areset                                                                                                         |                1 |              1 |         1.00 |
|  design_1_i/zynq_ultra_ps_e_0/inst/pl_clk0 | design_1_i/axi_smc/inst/m02_exit_pipeline/m02_exit/inst/ar_reg/state                                                                                                                                          | design_1_i/axi_smc/inst/m02_exit_pipeline/m02_exit/inst/areset                                                                                                                    |                1 |              1 |         1.00 |
|  design_1_i/zynq_ultra_ps_e_0/inst/pl_clk0 |                                                                                                                                                                                                               | design_1_i/axi_smc/inst/s00_nodes/s00_w_node/inst/mi_handler_m_sc_areset                                                                                                          |                1 |              1 |         1.00 |
|  design_1_i/zynq_ultra_ps_e_0/inst/pl_clk0 |                                                                                                                                                                                                               | design_1_i/axi_smc/inst/m01_nodes/m01_aw_node/inst/mi_handler_m_sc_areset                                                                                                         |                1 |              1 |         1.00 |
|  design_1_i/zynq_ultra_ps_e_0/inst/pl_clk0 |                                                                                                                                                                                                               | design_1_i/axi_smc/inst/m01_nodes/m01_aw_node/inst/s_sc_areset_pipe                                                                                                               |                1 |              1 |         1.00 |
|  design_1_i/zynq_ultra_ps_e_0/inst/pl_clk0 |                                                                                                                                                                                                               | design_1_i/axi_smc/inst/s00_nodes/s00_aw_node/inst/s_sc_areset_pipe                                                                                                               |                1 |              1 |         1.00 |
|  design_1_i/zynq_ultra_ps_e_0/inst/pl_clk0 |                                                                                                                                                                                                               | design_1_i/axi_smc/inst/s00_nodes/s00_aw_node/inst/mi_handler_m_sc_areset                                                                                                         |                1 |              1 |         1.00 |
|  design_1_i/zynq_ultra_ps_e_0/inst/pl_clk0 |                                                                                                                                                                                                               | design_1_i/axi_smc/inst/s00_nodes/s00_w_node/inst/s_sc_areset_pipe                                                                                                                |                1 |              1 |         1.00 |
|  design_1_i/zynq_ultra_ps_e_0/inst/pl_clk0 |                                                                                                                                                                                                               | design_1_i/axi_smc/inst/s00_nodes/s00_r_node/inst/s_sc_areset_pipe                                                                                                                |                1 |              1 |         1.00 |
|  design_1_i/zynq_ultra_ps_e_0/inst/pl_clk0 |                                                                                                                                                                                                               | design_1_i/axi_smc/inst/m02_nodes/m02_b_node/inst/mi_handler_m_sc_areset                                                                                                          |                1 |              1 |         1.00 |
|  design_1_i/zynq_ultra_ps_e_0/inst/pl_clk0 |                                                                                                                                                                                                               | design_1_i/axi_smc/inst/m02_nodes/m02_b_node/inst/s_sc_areset_pipe                                                                                                                |                1 |              1 |         1.00 |
|  design_1_i/zynq_ultra_ps_e_0/inst/pl_clk0 |                                                                                                                                                                                                               | design_1_i/axi_smc/inst/m02_nodes/m02_r_node/inst/mi_handler_m_sc_areset                                                                                                          |                1 |              1 |         1.00 |
|  design_1_i/zynq_ultra_ps_e_0/inst/pl_clk0 |                                                                                                                                                                                                               | design_1_i/axi_smc/inst/m02_nodes/m02_r_node/inst/s_sc_areset_pipe                                                                                                                |                1 |              1 |         1.00 |
|  design_1_i/zynq_ultra_ps_e_0/inst/pl_clk0 |                                                                                                                                                                                                               | design_1_i/axi_smc/inst/m02_nodes/m02_ar_node/inst/s_sc_areset_pipe                                                                                                               |                1 |              1 |         1.00 |
|  design_1_i/zynq_ultra_ps_e_0/inst/pl_clk0 |                                                                                                                                                                                                               | design_1_i/axi_smc/inst/m02_nodes/m02_ar_node/inst/mi_handler_m_sc_areset                                                                                                         |                1 |              1 |         1.00 |
|  design_1_i/zynq_ultra_ps_e_0/inst/pl_clk0 |                                                                                                                                                                                                               | design_1_i/axi_smc/inst/m02_nodes/m02_w_node/inst/s_sc_areset_pipe                                                                                                                |                1 |              1 |         1.00 |
|  design_1_i/zynq_ultra_ps_e_0/inst/pl_clk0 |                                                                                                                                                                                                               | design_1_i/axi_smc/inst/m02_nodes/m02_w_node/inst/mi_handler_m_sc_areset                                                                                                          |                1 |              1 |         1.00 |
|  design_1_i/zynq_ultra_ps_e_0/inst/pl_clk0 | design_1_i/axi_smc/inst/s00_nodes/s00_b_node/inst/inst_si_handler/gen_si_handler.gen_arbiter_rr_normal_area.inst_arbiter/E[0]                                                                                 | design_1_i/axi_smc/inst/s00_nodes/s00_b_node/inst/inst_si_handler/areset_r                                                                                                        |                1 |              2 |         2.00 |
|  design_1_i/zynq_ultra_ps_e_0/inst/pl_clk0 | design_1_i/axi_smc/inst/s00_entry_pipeline/s00_mmu/inst/ar_sreg/E[0]                                                                                                                                          | design_1_i/axi_smc/inst/s00_entry_pipeline/s00_mmu/inst/areset                                                                                                                    |                1 |              2 |         2.00 |
|  design_1_i/zynq_ultra_ps_e_0/inst/pl_clk0 | design_1_i/axi_fifo_mm_s_0/U0/COMP_IPIC2AXI_S/grxd.COMP_RX_FIFO/gfifo_gen.COMP_AXIS_FG_FIFO/COMP_FIFO/xpm_fifo_base_inst/gen_fwft.rdpp1_inst/gen_fwft.count_en                                                | design_1_i/axi_fifo_mm_s_0/U0/COMP_IPIC2AXI_S/grxd.COMP_RX_FIFO/gfifo_gen.COMP_AXIS_FG_FIFO/COMP_FIFO/xpm_fifo_base_inst/xpm_fifo_rst_inst/SR[0]                                  |                1 |              2 |         2.00 |
|  design_1_i/zynq_ultra_ps_e_0/inst/pl_clk0 | design_1_i/axi_smc/inst/s00_entry_pipeline/s00_si_converter/inst/converter.low_area_converter.low_area_wrap_inst/w_resp_fifo/FSM_sequential_b_state_reg[1][0]                                                 | design_1_i/axi_smc/inst/s00_entry_pipeline/s00_si_converter/inst/areset                                                                                                           |                1 |              2 |         2.00 |
|  design_1_i/zynq_ultra_ps_e_0/inst/pl_clk0 | design_1_i/axi_fifo_mm_s_0/U0/COMP_IPIC2AXI_S/gtxd.COMP_TXD_FIFO/gfifo_gen.COMP_AXIS_FG_FIFO/COMP_FIFO/xpm_fifo_base_inst/gen_fwft.rdpp1_inst/gen_fwft.count_en                                               | design_1_i/axi_fifo_mm_s_0/U0/COMP_IPIC2AXI_S/gtxd.COMP_TXD_FIFO/gfifo_gen.COMP_AXIS_FG_FIFO/COMP_FIFO/xpm_fifo_base_inst/xpm_fifo_rst_inst/SR[0]                                 |                1 |              2 |         2.00 |
|  design_1_i/zynq_ultra_ps_e_0/inst/pl_clk0 | design_1_i/axi_smc/inst/m00_exit_pipeline/m00_exit/inst/splitter_inst/gen_axi4lite.axilite_conv/FSM_sequential_r_state[1]_i_1_n_0                                                                             | design_1_i/axi_smc/inst/m00_exit_pipeline/m00_exit/inst/areset                                                                                                                    |                2 |              2 |         1.00 |
|  design_1_i/zynq_ultra_ps_e_0/inst/pl_clk0 | design_1_i/axi_smc/inst/s00_entry_pipeline/s00_si_converter/inst/converter.low_area_converter.low_area_wrap_inst/s_axi_bid_i[2]_i_1_n_0                                                                       | design_1_i/axi_smc/inst/s00_entry_pipeline/s00_si_converter/inst/areset                                                                                                           |                2 |              2 |         1.00 |
|  design_1_i/zynq_ultra_ps_e_0/inst/pl_clk0 |                                                                                                                                                                                                               | design_1_i/axi_smc/inst/m00_nodes/m00_b_node/inst/inst_mi_handler/areset_r                                                                                                        |                2 |              2 |         1.00 |
|  design_1_i/zynq_ultra_ps_e_0/inst/pl_clk0 |                                                                                                                                                                                                               | design_1_i/axi_smc/inst/m00_nodes/m00_r_node/inst/inst_mi_handler/areset_r                                                                                                        |                2 |              2 |         1.00 |
|  design_1_i/zynq_ultra_ps_e_0/inst/pl_clk0 | design_1_i/axi_smc/inst/s00_entry_pipeline/s00_mmu/inst/b_sreg/skid_buffer[1039]_i_1__0_n_0                                                                                                                   | design_1_i/axi_smc/inst/s00_entry_pipeline/s00_mmu/inst/b_sreg/skid_buffer[1057]_i_1_n_0                                                                                          |                1 |              2 |         2.00 |
|  design_1_i/zynq_ultra_ps_e_0/inst/pl_clk0 | design_1_i/axi_smc/inst/s00_entry_pipeline/s00_si_converter/inst/converter.low_area_converter.low_area_wrap_inst/ar_state[0]                                                                                  | design_1_i/axi_smc/inst/s00_entry_pipeline/s00_si_converter/inst/areset                                                                                                           |                1 |              2 |         2.00 |
|  design_1_i/zynq_ultra_ps_e_0/inst/pl_clk0 | design_1_i/axi_smc/inst/m00_exit_pipeline/m00_exit/inst/splitter_inst/gen_axi4lite.axilite_conv/E[0]                                                                                                          | design_1_i/axi_smc/inst/m00_exit_pipeline/m00_exit/inst/splitter_inst/gen_axi4lite.axilite_conv/s_axi_bresp_i[1]_i_1_n_0                                                          |                1 |              2 |         2.00 |
|  design_1_i/zynq_ultra_ps_e_0/inst/pl_clk0 |                                                                                                                                                                                                               | design_1_i/axi_smc/inst/m02_nodes/m02_b_node/inst/inst_mi_handler/areset_r                                                                                                        |                2 |              2 |         1.00 |
|  design_1_i/zynq_ultra_ps_e_0/inst/pl_clk0 | design_1_i/axi_smc/inst/s00_entry_pipeline/s00_si_converter/inst/converter.low_area_converter.low_area_wrap_inst/aw_state[0]                                                                                  | design_1_i/axi_smc/inst/s00_entry_pipeline/s00_si_converter/inst/areset                                                                                                           |                1 |              2 |         2.00 |
|  design_1_i/zynq_ultra_ps_e_0/inst/pl_clk0 |                                                                                                                                                                                                               | design_1_i/axi_smc/inst/s00_entry_pipeline/s00_mmu/inst/areset_d                                                                                                                  |                2 |              2 |         1.00 |
|  design_1_i/zynq_ultra_ps_e_0/inst/pl_clk0 | design_1_i/axi_smc/inst/m02_exit_pipeline/m02_exit/inst/splitter_inst/gen_axi4lite.axilite_conv/E[0]                                                                                                          | design_1_i/axi_smc/inst/m02_exit_pipeline/m02_exit/inst/splitter_inst/gen_axi4lite.axilite_conv/s_axi_bresp_i[1]_i_1_n_0                                                          |                1 |              2 |         2.00 |
|  design_1_i/zynq_ultra_ps_e_0/inst/pl_clk0 |                                                                                                                                                                                                               | design_1_i/axi_smc/inst/m02_nodes/m02_r_node/inst/inst_mi_handler/areset_r                                                                                                        |                2 |              2 |         1.00 |
|  design_1_i/zynq_ultra_ps_e_0/inst/pl_clk0 | design_1_i/axi_smc/inst/s00_nodes/s00_b_node/inst/inst_si_handler/gen_si_handler.gen_arbiter_rr_normal_area.inst_arbiter/gen_AB_reg_slice.payld_o_reg[0][0]                                                   | design_1_i/axi_smc/inst/s00_nodes/s00_b_node/inst/inst_si_handler/areset_r                                                                                                        |                1 |              2 |         2.00 |
|  design_1_i/zynq_ultra_ps_e_0/inst/pl_clk0 | design_1_i/axi_smc/inst/m02_exit_pipeline/m02_exit/inst/splitter_inst/gen_axi4lite.axilite_conv/FSM_sequential_r_state[1]_i_1_n_0                                                                             | design_1_i/axi_smc/inst/m02_exit_pipeline/m02_exit/inst/areset                                                                                                                    |                1 |              2 |         2.00 |
|  design_1_i/zynq_ultra_ps_e_0/inst/pl_clk0 | design_1_i/axi_smc/inst/s00_entry_pipeline/s00_transaction_regulator/inst/gen_endpoint.gen_w_multithread.w_multithread/allocate_queue/fifoaddr[0]                                                             | design_1_i/axi_smc/inst/s00_entry_pipeline/s00_transaction_regulator/inst/areset                                                                                                  |                1 |              2 |         2.00 |
|  design_1_i/zynq_ultra_ps_e_0/inst/pl_clk0 | design_1_i/axi_smc/inst/s00_nodes/s00_r_node/inst/inst_si_handler/gen_si_handler.gen_arbiter_rr_normal_area.inst_arbiter/E[0]                                                                                 | design_1_i/axi_smc/inst/s00_nodes/s00_r_node/inst/inst_si_handler/areset_r                                                                                                        |                1 |              2 |         2.00 |
|  design_1_i/zynq_ultra_ps_e_0/inst/pl_clk0 | design_1_i/axi_timer_0/U0/AXI4_LITE_I/I_SLAVE_ATTACHMENT/is_read_i_1_n_0                                                                                                                                      | design_1_i/axi_timer_0/U0/AXI4_LITE_I/I_SLAVE_ATTACHMENT/rst                                                                                                                      |                1 |              2 |         2.00 |
|  design_1_i/zynq_ultra_ps_e_0/inst/pl_clk0 | design_1_i/axi_smc/inst/s00_entry_pipeline/s00_transaction_regulator/inst/gen_endpoint.gen_r_multithread.r_multithread/allocate_queue/fifoaddr[0]                                                             | design_1_i/axi_smc/inst/s00_entry_pipeline/s00_transaction_regulator/inst/areset                                                                                                  |                1 |              2 |         2.00 |
|  design_1_i/zynq_ultra_ps_e_0/inst/pl_clk0 |                                                                                                                                                                                                               | design_1_i/axi_smc/inst/s00_entry_pipeline/s00_mmu/inst/aw_reg_stall/areset_reg                                                                                                   |                1 |              2 |         2.00 |
|  design_1_i/zynq_ultra_ps_e_0/inst/pl_clk0 | design_1_i/axi_smc/inst/s00_entry_pipeline/s00_si_converter/inst/converter.low_area_converter.low_area_wrap_inst/FSM_sequential_b_state[1]_i_1_n_0                                                            | design_1_i/axi_smc/inst/s00_entry_pipeline/s00_si_converter/inst/areset                                                                                                           |                1 |              2 |         2.00 |
|  design_1_i/zynq_ultra_ps_e_0/inst/pl_clk0 | design_1_i/axi_smc/inst/s00_nodes/s00_r_node/inst/inst_si_handler/gen_si_handler.gen_arbiter_rr_normal_area.inst_arbiter/gen_AB_reg_slice.payld_o_reg[0]_0[0]                                                 | design_1_i/axi_smc/inst/s00_nodes/s00_r_node/inst/inst_si_handler/areset_r                                                                                                        |                1 |              2 |         2.00 |
|  design_1_i/zynq_ultra_ps_e_0/inst/pl_clk0 | design_1_i/axi_smc/inst/s00_entry_pipeline/s00_si_converter/inst/converter.low_area_converter.low_area_wrap_inst/bresp_accum[1]_i_1_n_0                                                                       | design_1_i/axi_smc/inst/s00_entry_pipeline/s00_si_converter/inst/areset                                                                                                           |                1 |              2 |         2.00 |
|  design_1_i/zynq_ultra_ps_e_0/inst/pl_clk0 |                                                                                                                                                                                                               | design_1_i/axi_smc/inst/m01_nodes/m01_b_node/inst/inst_mi_handler/areset_r                                                                                                        |                2 |              2 |         1.00 |
|  design_1_i/zynq_ultra_ps_e_0/inst/pl_clk0 |                                                                                                                                                                                                               | design_1_i/axi_smc/inst/m01_nodes/m01_r_node/inst/inst_mi_handler/areset_r                                                                                                        |                2 |              2 |         1.00 |
|  design_1_i/zynq_ultra_ps_e_0/inst/pl_clk0 | design_1_i/axi_smc/inst/s00_nodes/s00_b_node/inst/inst_si_handler/gen_si_handler.gen_arbiter_rr_normal_area.inst_arbiter/gen_AB_reg_slice.payld_o_reg[0]_0[0]                                                 | design_1_i/axi_smc/inst/s00_nodes/s00_b_node/inst/inst_si_handler/areset_r                                                                                                        |                1 |              2 |         2.00 |
|  design_1_i/zynq_ultra_ps_e_0/inst/pl_clk0 | design_1_i/axi_smc/inst/s00_nodes/s00_r_node/inst/inst_si_handler/gen_si_handler.gen_arbiter_rr_normal_area.inst_arbiter/gen_AB_reg_slice.payld_o_reg[0][0]                                                   | design_1_i/axi_smc/inst/s00_nodes/s00_r_node/inst/inst_si_handler/areset_r                                                                                                        |                1 |              2 |         2.00 |
|  design_1_i/zynq_ultra_ps_e_0/inst/pl_clk0 | design_1_i/axi_smc/inst/s00_entry_pipeline/s00_mmu/inst/aw_reg_stall/E[0]                                                                                                                                     | design_1_i/axi_smc/inst/s00_entry_pipeline/s00_mmu/inst/areset                                                                                                                    |                1 |              2 |         2.00 |
|  design_1_i/zynq_ultra_ps_e_0/inst/pl_clk0 | design_1_i/axi_fifo_mm_s_0/U0/gaxif.COMP_AXI4/axi_wr_fsm/axi_wr_fsm/E[0]                                                                                                                                      | design_1_i/axi_fifo_mm_s_0/U0/COMP_IPIC2AXI_S/gtxd.COMP_TXD_FIFO/gfifo_gen.COMP_AXIS_FG_FIFO/sync_areset_n_reg_0[0]                                                               |                1 |              3 |         3.00 |
|  design_1_i/zynq_ultra_ps_e_0/inst/pl_clk0 |                                                                                                                                                                                                               | design_1_i/axi_fifo_mm_s_0/U0/COMP_IPIC2AXI_S/grxd.rx_len_wr_en_i_1_n_0                                                                                                           |                2 |              3 |         1.50 |
|  design_1_i/zynq_ultra_ps_e_0/inst/pl_clk0 | design_1_i/axi_smc/inst/m02_exit_pipeline/m02_exit/inst/splitter_inst/gen_axi4lite.axilite_conv/ar_addr_d[4]_i_1_n_0                                                                                          | design_1_i/axi_smc/inst/m02_exit_pipeline/m02_exit/inst/areset                                                                                                                    |                1 |              3 |         3.00 |
|  design_1_i/zynq_ultra_ps_e_0/inst/pl_clk0 | design_1_i/axi_smc/inst/m02_exit_pipeline/m02_exit/inst/splitter_inst/gen_axi4lite.axilite_conv/aw_addr[4]_i_1_n_0                                                                                            | design_1_i/axi_smc/inst/m02_exit_pipeline/m02_exit/inst/areset                                                                                                                    |                1 |              3 |         3.00 |
|  design_1_i/zynq_ultra_ps_e_0/inst/pl_clk0 | design_1_i/axi_smc/inst/m02_exit_pipeline/m02_exit/inst/splitter_inst/gen_axi4lite.axilite_conv/b_cnt[0]                                                                                                      | design_1_i/axi_smc/inst/m02_exit_pipeline/m02_exit/inst/areset                                                                                                                    |                1 |              3 |         3.00 |
|  design_1_i/zynq_ultra_ps_e_0/inst/pl_clk0 | design_1_i/axi_smc/inst/m02_exit_pipeline/m02_exit/inst/w_reg/state                                                                                                                                           | design_1_i/axi_smc/inst/m02_exit_pipeline/m02_exit/inst/areset                                                                                                                    |                1 |              3 |         3.00 |
|  design_1_i/zynq_ultra_ps_e_0/inst/pl_clk0 | design_1_i/axi_smc/inst/s00_entry_pipeline/s00_si_converter/inst/converter.low_area_converter.low_area_wrap_inst/w_resp_fifo/gen_pipelined.state[2]_i_1_n_0                                                   | design_1_i/axi_smc/inst/s00_entry_pipeline/s00_si_converter/inst/areset                                                                                                           |                1 |              3 |         3.00 |
|  design_1_i/zynq_ultra_ps_e_0/inst/pl_clk0 | design_1_i/axi_smc/inst/s00_nodes/s00_ar_node/inst/inst_mi_handler/gen_normal_area.inst_fifo_send/gen_AB_reg_slice.payld_a                                                                                    |                                                                                                                                                                                   |                1 |              3 |         3.00 |
|  design_1_i/zynq_ultra_ps_e_0/inst/pl_clk0 | design_1_i/axi_smc/inst/s00_nodes/s00_ar_node/inst/inst_mi_handler/gen_normal_area.inst_fifo_send/gen_AB_reg_slice.state2                                                                                     | design_1_i/axi_smc/inst/s00_nodes/s00_ar_node/inst/inst_mi_handler/gen_normal_area.inst_fifo_send/gen_AB_reg_slice.payld_o[2]_i_1_n_0                                             |                1 |              3 |         3.00 |
|  design_1_i/zynq_ultra_ps_e_0/inst/pl_clk0 | design_1_i/axi_smc/inst/s00_nodes/s00_ar_node/inst/inst_mi_handler/gen_normal_area.inst_fifo_send/gen_AB_reg_slice.payld_b                                                                                    |                                                                                                                                                                                   |                1 |              3 |         3.00 |
|  design_1_i/zynq_ultra_ps_e_0/inst/pl_clk0 | design_1_i/axi_smc/inst/s00_nodes/s00_aw_node/inst/inst_mi_handler/gen_normal_area.inst_fifo_send/gen_AB_reg_slice.payld_b                                                                                    |                                                                                                                                                                                   |                1 |              3 |         3.00 |
|  design_1_i/zynq_ultra_ps_e_0/inst/pl_clk0 | design_1_i/axi_smc/inst/s00_nodes/s00_aw_node/inst/inst_mi_handler/gen_normal_area.inst_fifo_send/gen_AB_reg_slice.state2                                                                                     | design_1_i/axi_smc/inst/s00_nodes/s00_aw_node/inst/inst_mi_handler/gen_normal_area.inst_fifo_send/gen_AB_reg_slice.payld_o[2]_i_1_n_0                                             |                1 |              3 |         3.00 |
|  design_1_i/zynq_ultra_ps_e_0/inst/pl_clk0 |                                                                                                                                                                                                               | design_1_i/axi_fifo_mm_s_0/U0/COMP_IPIC2AXI_S/grxd.COMP_RX_FIFO/gfifo_gen.COMP_AXIS_FG_FIFO/COMP_FIFO/xpm_fifo_base_inst/xpm_fifo_rst_inst/rst_i                                  |                1 |              3 |         3.00 |
|  design_1_i/zynq_ultra_ps_e_0/inst/pl_clk0 | design_1_i/axi_smc/inst/s00_nodes/s00_aw_node/inst/inst_mi_handler/gen_normal_area.inst_fifo_send/gen_AB_reg_slice.payld_a                                                                                    |                                                                                                                                                                                   |                1 |              3 |         3.00 |
|  design_1_i/zynq_ultra_ps_e_0/inst/pl_clk0 | design_1_i/axi_smc/inst/m02_exit_pipeline/m02_exit/inst/ar_reg/m_vector_i[0]                                                                                                                                  |                                                                                                                                                                                   |                1 |              3 |         3.00 |
|  design_1_i/zynq_ultra_ps_e_0/inst/pl_clk0 |                                                                                                                                                                                                               | design_1_i/axi_smc/inst/s00_nodes/s00_r_node/inst/inst_si_handler/areset_r                                                                                                        |                3 |              3 |         1.00 |
|  design_1_i/zynq_ultra_ps_e_0/inst/pl_clk0 |                                                                                                                                                                                                               | design_1_i/axi_smc/inst/s00_nodes/s00_b_node/inst/inst_mi_handler/areset_r                                                                                                        |                3 |              3 |         1.00 |
|  design_1_i/zynq_ultra_ps_e_0/inst/pl_clk0 | design_1_i/axi_smc/inst/m02_exit_pipeline/m02_exit/inst/ar_reg/skid_buffer[1136]_i_1_n_0                                                                                                                      |                                                                                                                                                                                   |                1 |              3 |         3.00 |
|  design_1_i/zynq_ultra_ps_e_0/inst/pl_clk0 |                                                                                                                                                                                                               | design_1_i/axi_smc/inst/s00_nodes/s00_b_node/inst/inst_si_handler/gen_si_handler.gen_request_counters.gen_req_counter[2].inst_req_counter/areset_r_reg                            |                1 |              3 |         3.00 |
|  design_1_i/zynq_ultra_ps_e_0/inst/pl_clk0 |                                                                                                                                                                                                               | design_1_i/axi_smc/inst/s00_nodes/s00_b_node/inst/inst_si_handler/areset_r                                                                                                        |                3 |              3 |         1.00 |
|  design_1_i/zynq_ultra_ps_e_0/inst/pl_clk0 |                                                                                                                                                                                                               | design_1_i/axi_smc/inst/s00_nodes/s00_r_node/inst/inst_mi_handler/areset_r                                                                                                        |                3 |              3 |         1.00 |
|  design_1_i/zynq_ultra_ps_e_0/inst/pl_clk0 | design_1_i/axi_smc/inst/m02_exit_pipeline/m02_exit/inst/aw_reg/skid_buffer[1136]_i_1__0_n_0                                                                                                                   |                                                                                                                                                                                   |                1 |              3 |         3.00 |
|  design_1_i/zynq_ultra_ps_e_0/inst/pl_clk0 |                                                                                                                                                                                                               | design_1_i/axi_smc/inst/s00_nodes/s00_r_node/inst/inst_si_handler/gen_si_handler.gen_request_counters.gen_req_counter[2].inst_req_counter/areset_r_reg                            |                1 |              3 |         3.00 |
|  design_1_i/zynq_ultra_ps_e_0/inst/pl_clk0 | design_1_i/axi_smc/inst/m02_exit_pipeline/m02_exit/inst/aw_reg/state                                                                                                                                          | design_1_i/axi_smc/inst/m02_exit_pipeline/m02_exit/inst/areset                                                                                                                    |                1 |              3 |         3.00 |
|  design_1_i/zynq_ultra_ps_e_0/inst/pl_clk0 | design_1_i/axi_smc/inst/m02_exit_pipeline/m02_exit/inst/aw_reg/m_vector_i[0]                                                                                                                                  |                                                                                                                                                                                   |                1 |              3 |         3.00 |
|  design_1_i/zynq_ultra_ps_e_0/inst/pl_clk0 |                                                                                                                                                                                                               | design_1_i/axi_smc/inst/s00_nodes/s00_ar_node/inst/inst_mi_handler/areset_r                                                                                                       |                3 |              3 |         1.00 |
|  design_1_i/zynq_ultra_ps_e_0/inst/pl_clk0 | design_1_i/axi_smc/inst/s00_entry_pipeline/s00_si_converter/inst/converter.low_area_converter.low_area_wrap_inst/r_state[0]                                                                                   | design_1_i/axi_smc/inst/s00_entry_pipeline/s00_si_converter/inst/areset                                                                                                           |                1 |              3 |         3.00 |
|  design_1_i/zynq_ultra_ps_e_0/inst/pl_clk0 |                                                                                                                                                                                                               | design_1_i/axi_smc/inst/s00_nodes/s00_aw_node/inst/inst_mi_handler/areset_r                                                                                                       |                3 |              3 |         1.00 |
|  design_1_i/zynq_ultra_ps_e_0/inst/pl_clk0 | design_1_i/axi_smc/inst/m02_exit_pipeline/m02_exit/inst/b_reg/state                                                                                                                                           | design_1_i/axi_smc/inst/m02_exit_pipeline/m02_exit/inst/areset                                                                                                                    |                1 |              3 |         3.00 |
|  design_1_i/zynq_ultra_ps_e_0/inst/pl_clk0 | design_1_i/axi_smc/inst/m02_exit_pipeline/m02_exit/inst/exit_inst/gen_w_cmd_fifo.w_cmd_fifo/gen_srls[1].srl_nx1/gen_pipelined.state_reg[1]                                                                    |                                                                                                                                                                                   |                1 |              3 |         3.00 |
|  design_1_i/zynq_ultra_ps_e_0/inst/pl_clk0 |                                                                                                                                                                                                               | design_1_i/axi_smc/inst/m02_nodes/m02_w_node/inst/inst_mi_handler/areset_r                                                                                                        |                3 |              3 |         1.00 |
|  design_1_i/zynq_ultra_ps_e_0/inst/pl_clk0 | design_1_i/axi_smc/inst/m02_exit_pipeline/m02_exit/inst/exit_inst/gen_r_cmd_fifo.r_cmd_fifo/gen_pipelined.state[0]                                                                                            | design_1_i/axi_smc/inst/m02_exit_pipeline/m02_exit/inst/areset                                                                                                                    |                2 |              3 |         1.50 |
|  design_1_i/zynq_ultra_ps_e_0/inst/pl_clk0 | design_1_i/axi_smc/inst/m02_exit_pipeline/m02_exit/inst/exit_inst/gen_w_cmd_fifo.w_cmd_fifo/gen_pipelined.state[0]                                                                                            | design_1_i/axi_smc/inst/m02_exit_pipeline/m02_exit/inst/areset                                                                                                                    |                1 |              3 |         3.00 |
|  design_1_i/zynq_ultra_ps_e_0/inst/pl_clk0 | design_1_i/axi_smc/inst/s00_entry_pipeline/s00_si_converter/inst/gen_normal.splitter_inst/gen_no_wsplitter.gen_endpoint_woffset.gen_wbypass_offset_fifo.wbypass_offset_fifo/gen_srls[7].srl_nx1/shift         |                                                                                                                                                                                   |                1 |              3 |         3.00 |
|  design_1_i/zynq_ultra_ps_e_0/inst/pl_clk0 |                                                                                                                                                                                                               | design_1_i/axi_smc/inst/m01_nodes/m01_w_node/inst/inst_mi_handler/areset_r                                                                                                        |                3 |              3 |         1.00 |
|  design_1_i/zynq_ultra_ps_e_0/inst/pl_clk0 | design_1_i/axi_smc/inst/s00_entry_pipeline/s00_si_converter/inst/gen_normal.splitter_inst/gen_no_wsplitter.gen_endpoint_woffset.gen_wbypass_offset_fifo.wbypass_offset_fifo/gen_pipelined.state[2]_i_1__0_n_0 | design_1_i/axi_smc/inst/s00_entry_pipeline/s00_si_converter/inst/areset                                                                                                           |                2 |              3 |         1.50 |
|  design_1_i/zynq_ultra_ps_e_0/inst/pl_clk0 | design_1_i/axi_smc/inst/m02_exit_pipeline/m02_exit/inst/exit_inst/gen_w_cmd_fifo.w_cmd_fifo/gen_pipelined.mesg_reg[0]                                                                                         |                                                                                                                                                                                   |                1 |              3 |         3.00 |
|  design_1_i/zynq_ultra_ps_e_0/inst/pl_clk0 |                                                                                                                                                                                                               | design_1_i/axi_fifo_mm_s_0/U0/COMP_IPIC2AXI_S/gtxd.COMP_TXD_FIFO/gfifo_gen.COMP_AXIS_FG_FIFO/COMP_FIFO/xpm_fifo_base_inst/xpm_fifo_rst_inst/rst_i                                 |                1 |              3 |         3.00 |
|  design_1_i/zynq_ultra_ps_e_0/inst/pl_clk0 | design_1_i/axi_smc/inst/s00_entry_pipeline/s00_si_converter/inst/gen_normal.splitter_inst/gen_no_wsplitter.gen_endpoint_woffset.gen_wbypass_offset_fifo.wbypass_offset_fifo/gen_pipelined.load_mesg           |                                                                                                                                                                                   |                2 |              3 |         1.50 |
|  design_1_i/zynq_ultra_ps_e_0/inst/pl_clk0 | design_1_i/axi_smc/inst/s00_entry_pipeline/s00_mmu/inst/aw_sreg/state                                                                                                                                         | design_1_i/axi_smc/inst/s00_entry_pipeline/s00_mmu/inst/areset                                                                                                                    |                1 |              3 |         3.00 |
|  design_1_i/zynq_ultra_ps_e_0/inst/pl_clk0 | design_1_i/axi_smc/inst/s00_entry_pipeline/s00_mmu/inst/b_sreg/state                                                                                                                                          | design_1_i/axi_smc/inst/s00_entry_pipeline/s00_mmu/inst/areset                                                                                                                    |                1 |              3 |         3.00 |
|  design_1_i/zynq_ultra_ps_e_0/inst/pl_clk0 | design_1_i/axi_smc/inst/s00_entry_pipeline/s00_mmu/inst/gen_endpoint.decerr_slave_inst/FSM_onehot_gen_axi.gen_write.write_cs[2]_i_1_n_0                                                                       | design_1_i/axi_smc/inst/s00_entry_pipeline/s00_mmu/inst/areset                                                                                                                    |                1 |              3 |         3.00 |
|  design_1_i/zynq_ultra_ps_e_0/inst/pl_clk0 |                                                                                                                                                                                                               | design_1_i/axi_fifo_mm_s_0/U0/COMP_IPIC2AXI_S/grxd.COMP_rx_len_fifo/xpm_fifo_base_inst/xpm_fifo_rst_inst/rst_i                                                                    |                2 |              3 |         1.50 |
|  design_1_i/zynq_ultra_ps_e_0/inst/pl_clk0 | design_1_i/axi_smc/inst/s00_entry_pipeline/s00_mmu/inst/gen_wroute_fifo.wroute_fifo/gen_srls[2].srl_nx1/shift_qual                                                                                            |                                                                                                                                                                                   |                1 |              3 |         3.00 |
|  design_1_i/zynq_ultra_ps_e_0/inst/pl_clk0 | design_1_i/axi_smc/inst/s00_entry_pipeline/s00_mmu/inst/gen_wroute_fifo.wroute_fifo/gen_pipelined.mesg_reg[0]                                                                                                 |                                                                                                                                                                                   |                1 |              3 |         3.00 |
|  design_1_i/zynq_ultra_ps_e_0/inst/pl_clk0 | design_1_i/axi_smc/inst/s00_entry_pipeline/s00_mmu/inst/gen_wroute_fifo.wroute_fifo/gen_pipelined.state[0]                                                                                                    | design_1_i/axi_smc/inst/s00_entry_pipeline/s00_mmu/inst/areset                                                                                                                    |                3 |              3 |         1.00 |
|  design_1_i/zynq_ultra_ps_e_0/inst/pl_clk0 | design_1_i/axi_smc/inst/s00_entry_pipeline/s00_mmu/inst/r_sreg/state                                                                                                                                          | design_1_i/axi_smc/inst/s00_entry_pipeline/s00_mmu/inst/areset                                                                                                                    |                2 |              3 |         1.50 |
|  design_1_i/zynq_ultra_ps_e_0/inst/pl_clk0 | design_1_i/axi_smc/inst/s00_entry_pipeline/s00_mmu/inst/w_sreg/state                                                                                                                                          | design_1_i/axi_smc/inst/s00_entry_pipeline/s00_mmu/inst/areset                                                                                                                    |                1 |              3 |         3.00 |
|  design_1_i/zynq_ultra_ps_e_0/inst/pl_clk0 |                                                                                                                                                                                                               | design_1_i/axi_smc/inst/s00_nodes/s00_w_node/inst/inst_mi_handler/areset_r                                                                                                        |                3 |              3 |         1.00 |
|  design_1_i/zynq_ultra_ps_e_0/inst/pl_clk0 | design_1_i/axi_smc/inst/m00_exit_pipeline/m00_exit/inst/splitter_inst/gen_axi4lite.axilite_conv/b_cnt[0]                                                                                                      | design_1_i/axi_smc/inst/m00_exit_pipeline/m00_exit/inst/areset                                                                                                                    |                1 |              3 |         3.00 |
|  design_1_i/zynq_ultra_ps_e_0/inst/pl_clk0 |                                                                                                                                                                                                               | design_1_i/axi_smc/inst/m00_nodes/m00_w_node/inst/inst_mi_handler/areset_r                                                                                                        |                3 |              3 |         1.00 |
|  design_1_i/zynq_ultra_ps_e_0/inst/pl_clk0 |                                                                                                                                                                                                               | design_1_i/axi_smc/inst/m00_nodes/m00_ar_node/inst/inst_mi_handler/areset_r                                                                                                       |                3 |              3 |         1.00 |
|  design_1_i/zynq_ultra_ps_e_0/inst/pl_clk0 | design_1_i/axi_smc/inst/s00_entry_pipeline/s00_transaction_regulator/inst/gen_endpoint.gen_w_multithread.w_multithread/cmd_reg/awready_i_reg[0]                                                               |                                                                                                                                                                                   |                1 |              3 |         3.00 |
|  design_1_i/zynq_ultra_ps_e_0/inst/pl_clk0 | design_1_i/axi_smc/inst/s00_entry_pipeline/s00_mmu/inst/ar_reg_stall/state                                                                                                                                    | design_1_i/axi_smc/inst/s00_entry_pipeline/s00_mmu/inst/areset                                                                                                                    |                1 |              3 |         3.00 |
|  design_1_i/zynq_ultra_ps_e_0/inst/pl_clk0 |                                                                                                                                                                                                               | design_1_i/axi_smc/inst/m00_nodes/m00_aw_node/inst/inst_mi_handler/areset_r                                                                                                       |                3 |              3 |         1.00 |
|  design_1_i/zynq_ultra_ps_e_0/inst/pl_clk0 |                                                                                                                                                                                                               | design_1_i/axi_smc/inst/m01_nodes/m01_ar_node/inst/inst_mi_handler/areset_r                                                                                                       |                3 |              3 |         1.00 |
|  design_1_i/zynq_ultra_ps_e_0/inst/pl_clk0 | design_1_i/axi_smc/inst/s00_entry_pipeline/s00_si_converter/inst/converter.low_area_converter.low_area_wrap_inst/conv_wuser[0]                                                                                | design_1_i/axi_smc/inst/s00_entry_pipeline/s00_si_converter/inst/areset                                                                                                           |                1 |              3 |         3.00 |
|  design_1_i/zynq_ultra_ps_e_0/inst/pl_clk0 | design_1_i/axi_smc/inst/s00_entry_pipeline/s00_mmu/inst/ar_sreg/state                                                                                                                                         | design_1_i/axi_smc/inst/s00_entry_pipeline/s00_mmu/inst/areset                                                                                                                    |                1 |              3 |         3.00 |
|  design_1_i/zynq_ultra_ps_e_0/inst/pl_clk0 | design_1_i/axi_smc/inst/s00_entry_pipeline/s00_mmu/inst/aw_reg_stall/state                                                                                                                                    | design_1_i/axi_smc/inst/s00_entry_pipeline/s00_mmu/inst/areset                                                                                                                    |                1 |              3 |         3.00 |
|  design_1_i/zynq_ultra_ps_e_0/inst/pl_clk0 | design_1_i/axi_smc/inst/s00_entry_pipeline/s00_transaction_regulator/inst/gen_endpoint.gen_r_multithread.r_multithread/allocate_queue/gen_pipelined.state[0]                                                  | design_1_i/axi_smc/inst/s00_entry_pipeline/s00_transaction_regulator/inst/areset                                                                                                  |                1 |              3 |         3.00 |
|  design_1_i/zynq_ultra_ps_e_0/inst/pl_clk0 |                                                                                                                                                                                                               | design_1_i/axi_smc/inst/m01_nodes/m01_aw_node/inst/inst_mi_handler/areset_r                                                                                                       |                3 |              3 |         1.00 |
|  design_1_i/zynq_ultra_ps_e_0/inst/pl_clk0 | design_1_i/axi_smc/inst/s00_entry_pipeline/s00_transaction_regulator/inst/gen_endpoint.gen_r_multithread.r_multithread/cmd_reg/FSM_sequential_state_reg[0][0]                                                 | design_1_i/axi_smc/inst/s00_entry_pipeline/s00_transaction_regulator/inst/areset                                                                                                  |                2 |              3 |         1.50 |
|  design_1_i/zynq_ultra_ps_e_0/inst/pl_clk0 |                                                                                                                                                                                                               | design_1_i/axi_smc/inst/m02_nodes/m02_ar_node/inst/inst_mi_handler/areset_r                                                                                                       |                3 |              3 |         1.00 |
|  design_1_i/zynq_ultra_ps_e_0/inst/pl_clk0 |                                                                                                                                                                                                               | design_1_i/axi_smc/inst/m02_nodes/m02_aw_node/inst/inst_mi_handler/areset_r                                                                                                       |                3 |              3 |         1.00 |
|  design_1_i/zynq_ultra_ps_e_0/inst/pl_clk0 | design_1_i/axi_smc/inst/s00_entry_pipeline/s00_transaction_regulator/inst/gen_endpoint.gen_r_multithread.r_multithread/cmd_reg/state                                                                          | design_1_i/axi_smc/inst/s00_entry_pipeline/s00_transaction_regulator/inst/areset                                                                                                  |                1 |              3 |         3.00 |
|  design_1_i/zynq_ultra_ps_e_0/inst/pl_clk0 | design_1_i/axi_smc/inst/m01_exit_pipeline/m01_exit/inst/b_reg/state                                                                                                                                           | design_1_i/axi_smc/inst/m01_exit_pipeline/m01_exit/inst/areset                                                                                                                    |                1 |              3 |         3.00 |
|  design_1_i/zynq_ultra_ps_e_0/inst/pl_clk0 | design_1_i/axi_smc/inst/s00_entry_pipeline/s00_transaction_regulator/inst/gen_endpoint.gen_r_multithread.r_multithread/cmd_reg/E[0]                                                                           |                                                                                                                                                                                   |                2 |              3 |         1.50 |
|  design_1_i/zynq_ultra_ps_e_0/inst/pl_clk0 | design_1_i/axi_smc/inst/s00_entry_pipeline/s00_transaction_regulator/inst/gen_endpoint.gen_r_multithread.r_multithread/cmd_reg/arready_i_reg[0]                                                               |                                                                                                                                                                                   |                2 |              3 |         1.50 |
|  design_1_i/zynq_ultra_ps_e_0/inst/pl_clk0 | design_1_i/axi_smc/inst/s00_entry_pipeline/s00_transaction_regulator/inst/gen_endpoint.gen_w_multithread.w_multithread/allocate_queue/gen_pipelined.state[0]                                                  | design_1_i/axi_smc/inst/s00_entry_pipeline/s00_transaction_regulator/inst/areset                                                                                                  |                1 |              3 |         3.00 |
|  design_1_i/zynq_ultra_ps_e_0/inst/pl_clk0 | design_1_i/axi_smc/inst/s00_entry_pipeline/s00_transaction_regulator/inst/gen_endpoint.gen_w_multithread.w_multithread/allocate_queue/E[0]                                                                    |                                                                                                                                                                                   |                1 |              3 |         3.00 |
|  design_1_i/zynq_ultra_ps_e_0/inst/pl_clk0 | design_1_i/axi_smc/inst/m01_exit_pipeline/m01_exit/inst/exit_inst/gen_w_cmd_fifo.w_cmd_fifo/gen_srls[3].srl_nx1/shift_qual                                                                                    |                                                                                                                                                                                   |                1 |              3 |         3.00 |
|  design_1_i/zynq_ultra_ps_e_0/inst/pl_clk0 | design_1_i/axi_smc/inst/m00_exit_pipeline/m00_exit/inst/w_reg/state                                                                                                                                           | design_1_i/axi_smc/inst/m00_exit_pipeline/m00_exit/inst/areset                                                                                                                    |                1 |              3 |         3.00 |
|  design_1_i/zynq_ultra_ps_e_0/inst/pl_clk0 | design_1_i/axi_smc/inst/m01_exit_pipeline/m01_exit/inst/exit_inst/gen_w_cmd_fifo.w_cmd_fifo/gen_pipelined.mesg_reg[0]                                                                                         |                                                                                                                                                                                   |                1 |              3 |         3.00 |
|  design_1_i/zynq_ultra_ps_e_0/inst/pl_clk0 | design_1_i/axi_smc/inst/m01_exit_pipeline/m01_exit/inst/exit_inst/gen_w_cmd_fifo.w_cmd_fifo/gen_pipelined.state[0]                                                                                            | design_1_i/axi_smc/inst/m01_exit_pipeline/m01_exit/inst/areset                                                                                                                    |                2 |              3 |         1.50 |
|  design_1_i/zynq_ultra_ps_e_0/inst/pl_clk0 | design_1_i/axi_smc/inst/m01_exit_pipeline/m01_exit/inst/r_reg/state                                                                                                                                           | design_1_i/axi_smc/inst/m01_exit_pipeline/m01_exit/inst/areset                                                                                                                    |                1 |              3 |         3.00 |
|  design_1_i/zynq_ultra_ps_e_0/inst/pl_clk0 | design_1_i/axi_smc/inst/s00_entry_pipeline/s00_transaction_regulator/inst/gen_endpoint.gen_w_multithread.w_multithread/cmd_reg/FSM_sequential_state_reg[0]_0[0]                                               | design_1_i/axi_smc/inst/s00_entry_pipeline/s00_transaction_regulator/inst/areset                                                                                                  |                1 |              3 |         3.00 |
|  design_1_i/zynq_ultra_ps_e_0/inst/pl_clk0 | design_1_i/axi_smc/inst/s00_entry_pipeline/s00_transaction_regulator/inst/gen_endpoint.gen_w_multithread.w_multithread/cmd_reg/state                                                                          | design_1_i/axi_smc/inst/s00_entry_pipeline/s00_transaction_regulator/inst/areset                                                                                                  |                1 |              3 |         3.00 |
|  design_1_i/zynq_ultra_ps_e_0/inst/pl_clk0 | design_1_i/axi_smc/inst/s00_nodes/s00_w_node/inst/inst_mi_handler/gen_normal_area.inst_fifo_send/gen_AB_reg_slice.state2                                                                                      | design_1_i/axi_smc/inst/s00_nodes/s00_w_node/inst/inst_mi_handler/gen_normal_area.inst_fifo_send/gen_AB_reg_slice.payld_o[2]_i_1_n_0                                              |                1 |              3 |         3.00 |
|  design_1_i/zynq_ultra_ps_e_0/inst/pl_clk0 | design_1_i/axi_smc/inst/m01_exit_pipeline/m01_exit/inst/w_reg/state                                                                                                                                           | design_1_i/axi_smc/inst/m01_exit_pipeline/m01_exit/inst/areset                                                                                                                    |                1 |              3 |         3.00 |
|  design_1_i/zynq_ultra_ps_e_0/inst/pl_clk0 | design_1_i/axi_smc/inst/s00_nodes/s00_w_node/inst/inst_mi_handler/gen_normal_area.inst_fifo_send/gen_AB_reg_slice.payld_b                                                                                     |                                                                                                                                                                                   |                1 |              3 |         3.00 |
|  design_1_i/zynq_ultra_ps_e_0/inst/pl_clk0 | design_1_i/axi_smc/inst/s00_nodes/s00_w_node/inst/inst_mi_handler/gen_normal_area.inst_fifo_send/gen_AB_reg_slice.payld_a                                                                                     |                                                                                                                                                                                   |                1 |              3 |         3.00 |
|  design_1_i/zynq_ultra_ps_e_0/inst/pl_clk0 | design_1_i/axi_smc/inst/m01_exit_pipeline/m01_exit/inst/aw_reg/state                                                                                                                                          | design_1_i/axi_smc/inst/m01_exit_pipeline/m01_exit/inst/areset                                                                                                                    |                1 |              3 |         3.00 |
|  design_1_i/zynq_ultra_ps_e_0/inst/pl_clk0 | design_1_i/axi_smc/inst/m00_exit_pipeline/m00_exit/inst/splitter_inst/gen_axi4lite.axilite_conv/FSM_sequential_w_state[2]_i_1_n_0                                                                             | design_1_i/axi_smc/inst/m00_exit_pipeline/m00_exit/inst/areset                                                                                                                    |                2 |              3 |         1.50 |
|  design_1_i/zynq_ultra_ps_e_0/inst/pl_clk0 | design_1_i/axi_smc/inst/m00_exit_pipeline/m00_exit/inst/b_reg/state                                                                                                                                           | design_1_i/axi_smc/inst/m00_exit_pipeline/m00_exit/inst/areset                                                                                                                    |                1 |              3 |         3.00 |
|  design_1_i/zynq_ultra_ps_e_0/inst/pl_clk0 | design_1_i/axi_smc/inst/m00_exit_pipeline/m00_exit/inst/exit_inst/gen_r_cmd_fifo.r_cmd_fifo/gen_pipelined.state[0]                                                                                            | design_1_i/axi_smc/inst/m00_exit_pipeline/m00_exit/inst/areset                                                                                                                    |                1 |              3 |         3.00 |
|  design_1_i/zynq_ultra_ps_e_0/inst/pl_clk0 | design_1_i/axi_smc/inst/m00_exit_pipeline/m00_exit/inst/exit_inst/gen_w_cmd_fifo.w_cmd_fifo/gen_srls[1].srl_nx1/gen_pipelined.state_reg[1]                                                                    |                                                                                                                                                                                   |                1 |              3 |         3.00 |
|  design_1_i/zynq_ultra_ps_e_0/inst/pl_clk0 | design_1_i/axi_smc/inst/m00_exit_pipeline/m00_exit/inst/exit_inst/gen_w_cmd_fifo.w_cmd_fifo/gen_pipelined.state[2]_i_1__0_n_0                                                                                 | design_1_i/axi_smc/inst/m00_exit_pipeline/m00_exit/inst/areset                                                                                                                    |                2 |              3 |         1.50 |
|  design_1_i/zynq_ultra_ps_e_0/inst/pl_clk0 | design_1_i/axi_smc/inst/m00_exit_pipeline/m00_exit/inst/exit_inst/gen_w_cmd_fifo.w_cmd_fifo/gen_pipelined.mesg_reg[0]                                                                                         |                                                                                                                                                                                   |                1 |              3 |         3.00 |
|  design_1_i/zynq_ultra_ps_e_0/inst/pl_clk0 | design_1_i/axi_smc/inst/m00_exit_pipeline/m00_exit/inst/r_reg/state                                                                                                                                           | design_1_i/axi_smc/inst/m00_exit_pipeline/m00_exit/inst/areset                                                                                                                    |                1 |              3 |         3.00 |
|  design_1_i/zynq_ultra_ps_e_0/inst/pl_clk0 | design_1_i/axi_smc/inst/m00_exit_pipeline/m00_exit/inst/aw_reg/state                                                                                                                                          | design_1_i/axi_smc/inst/m00_exit_pipeline/m00_exit/inst/areset                                                                                                                    |                1 |              3 |         3.00 |
|  design_1_i/zynq_ultra_ps_e_0/inst/pl_clk0 | design_1_i/axi_smc/inst/m01_exit_pipeline/m01_exit/inst/exit_inst/gen_r_cmd_fifo.r_cmd_fifo/gen_pipelined.state[0]                                                                                            | design_1_i/axi_smc/inst/m01_exit_pipeline/m01_exit/inst/areset                                                                                                                    |                2 |              3 |         1.50 |
|  design_1_i/zynq_ultra_ps_e_0/inst/pl_clk0 | design_1_i/axi_smc/inst/s00_nodes/s00_b_node/inst/inst_si_handler/gen_si_handler.gen_request_counters.gen_req_counter[0].inst_req_counter/is_zero_r_reg_0[0]                                                  | design_1_i/axi_smc/inst/s00_nodes/s00_b_node/inst/inst_si_handler/areset_r                                                                                                        |                1 |              3 |         3.00 |
|  design_1_i/zynq_ultra_ps_e_0/inst/pl_clk0 | design_1_i/axi_fifo_mm_s_0/U0/gaxif.COMP_AXI4/axi_rd_sm/axi_read_fsm/gaxi_full_sm.r_last_r0                                                                                                                   | design_1_i/axi_fifo_mm_s_0/U0/COMP_IPIC2AXI_S/gtxd.COMP_TXD_FIFO/gfifo_gen.COMP_AXIS_FG_FIFO/sync_areset_n_reg_0[0]                                                               |                2 |              3 |         1.50 |
|  design_1_i/zynq_ultra_ps_e_0/inst/pl_clk0 | design_1_i/axi_smc/inst/s00_nodes/s00_r_node/inst/inst_si_handler/gen_si_handler.gen_request_counters.gen_req_counter[0].inst_req_counter/is_zero_r_reg_0[0]                                                  | design_1_i/axi_smc/inst/s00_nodes/s00_r_node/inst/inst_si_handler/areset_r                                                                                                        |                1 |              3 |         3.00 |
|  design_1_i/zynq_ultra_ps_e_0/inst/pl_clk0 | design_1_i/axi_smc/inst/m02_exit_pipeline/m02_exit/inst/r_reg/state                                                                                                                                           | design_1_i/axi_smc/inst/m02_exit_pipeline/m02_exit/inst/areset                                                                                                                    |                1 |              3 |         3.00 |
|  design_1_i/zynq_ultra_ps_e_0/inst/pl_clk0 | design_1_i/axi_smc/inst/m02_exit_pipeline/m02_exit/inst/splitter_inst/gen_axi4lite.axilite_conv/FSM_sequential_w_state[2]_i_1_n_0                                                                             | design_1_i/axi_smc/inst/m02_exit_pipeline/m02_exit/inst/areset                                                                                                                    |                1 |              3 |         3.00 |
|  design_1_i/zynq_ultra_ps_e_0/inst/pl_clk0 |                                                                                                                                                                                                               | design_1_i/axi_smc/inst/m01_nodes/m01_ar_node/inst/inst_mi_handler/m_sc_areset_r                                                                                                  |                3 |              4 |         1.33 |
|  design_1_i/zynq_ultra_ps_e_0/inst/pl_clk0 | design_1_i/axi_smc/inst/s00_entry_pipeline/s00_transaction_regulator/inst/gen_endpoint.gen_r_multithread.r_multithread/allocate_queue/gen_pipelined.mesg_reg[0]                                               |                                                                                                                                                                                   |                1 |              4 |         4.00 |
|  design_1_i/zynq_ultra_ps_e_0/inst/pl_clk0 | design_1_i/axi_smc/inst/m00_exit_pipeline/m00_exit/inst/exit_inst/gen_w_cmd_fifo.w_cmd_fifo/fifoaddr[3]_i_1_n_0                                                                                               | design_1_i/axi_smc/inst/m00_exit_pipeline/m00_exit/inst/areset                                                                                                                    |                1 |              4 |         4.00 |
|  design_1_i/zynq_ultra_ps_e_0/inst/pl_clk0 | design_1_i/axi_smc/inst/s00_entry_pipeline/s00_transaction_regulator/inst/gen_endpoint.gen_r_multithread.r_multithread/allocate_queue/gen_pipelined.state_reg[2]_0[1]                                         | design_1_i/axi_smc/inst/s00_entry_pipeline/s00_transaction_regulator/inst/areset                                                                                                  |                2 |              4 |         2.00 |
|  design_1_i/zynq_ultra_ps_e_0/inst/pl_clk0 |                                                                                                                                                                                                               | design_1_i/rst_ps8_0_99M/U0/EXT_LPF/lpf_int                                                                                                                                       |                2 |              4 |         2.00 |
|  design_1_i/zynq_ultra_ps_e_0/inst/pl_clk0 | design_1_i/axi_smc/inst/s00_entry_pipeline/s00_transaction_regulator/inst/gen_endpoint.gen_r_multithread.r_multithread/cmd_reg/gen_pipe.sr_aid_match_reg[1]                                                   |                                                                                                                                                                                   |                3 |              4 |         1.33 |
|  design_1_i/zynq_ultra_ps_e_0/inst/pl_clk0 | design_1_i/axi_smc/inst/s00_entry_pipeline/s00_transaction_regulator/inst/gen_endpoint.gen_r_multithread.r_multithread/cmd_reg/gen_pipe.sr_aid_match_reg[1]                                                   | design_1_i/axi_smc/inst/s00_entry_pipeline/s00_transaction_regulator/inst/gen_endpoint.gen_r_multithread.r_multithread/cmd_reg/deadlock_d[0]                                      |                2 |              4 |         2.00 |
|  design_1_i/zynq_ultra_ps_e_0/inst/pl_clk0 | design_1_i/axi_smc/inst/s00_entry_pipeline/s00_transaction_regulator/inst/gen_endpoint.gen_r_multithread.r_multithread/cmd_reg/gen_pipe.sr_aid_match_reg[1]_0                                                 | design_1_i/axi_smc/inst/s00_entry_pipeline/s00_transaction_regulator/inst/gen_endpoint.gen_r_multithread.r_multithread/cmd_reg/areset_reg_1                                       |                2 |              4 |         2.00 |
|  design_1_i/zynq_ultra_ps_e_0/inst/pl_clk0 | design_1_i/axi_timer_0/U0/AXI4_LITE_I/I_SLAVE_ATTACHMENT/I_DECODER/pair0_Select                                                                                                                               | design_1_i/rst_ps8_0_99M/U0/peripheral_aresetn[0]                                                                                                                                 |                2 |              4 |         2.00 |
|  design_1_i/zynq_ultra_ps_e_0/inst/pl_clk0 |                                                                                                                                                                                                               | design_1_i/axi_smc/inst/clk_map/psr_aclk/U0/EXT_LPF/lpf_int                                                                                                                       |                1 |              4 |         4.00 |
|  design_1_i/zynq_ultra_ps_e_0/inst/pl_clk0 | design_1_i/axi_smc/inst/s00_entry_pipeline/s00_mmu/inst/gen_wroute_fifo.wroute_fifo/fifoaddr[3]_i_1_n_0                                                                                                       | design_1_i/axi_smc/inst/s00_entry_pipeline/s00_mmu/inst/areset                                                                                                                    |                1 |              4 |         4.00 |
|  design_1_i/zynq_ultra_ps_e_0/inst/pl_clk0 | design_1_i/axi_smc/inst/m01_exit_pipeline/m01_exit/inst/exit_inst/gen_w_cmd_fifo.w_cmd_fifo/fifoaddr[3]_i_1__0_n_0                                                                                            | design_1_i/axi_smc/inst/m01_exit_pipeline/m01_exit/inst/areset                                                                                                                    |                1 |              4 |         4.00 |
|  design_1_i/zynq_ultra_ps_e_0/inst/pl_clk0 | design_1_i/axi_timer_0/U0/AXI4_LITE_I/I_SLAVE_ATTACHMENT/bus2ip_addr_i[4]_i_1_n_0                                                                                                                             | design_1_i/axi_timer_0/U0/AXI4_LITE_I/I_SLAVE_ATTACHMENT/rst                                                                                                                      |                2 |              4 |         2.00 |
|  design_1_i/zynq_ultra_ps_e_0/inst/pl_clk0 |                                                                                                                                                                                                               | design_1_i/axi_smc/inst/s00_nodes/s00_b_node/inst/inst_mi_handler/m_sc_areset_r                                                                                                   |                4 |              4 |         1.00 |
|  design_1_i/zynq_ultra_ps_e_0/inst/pl_clk0 |                                                                                                                                                                                                               | design_1_i/axi_smc/inst/s00_nodes/s00_r_node/inst/inst_mi_handler/m_sc_areset_r                                                                                                   |                2 |              4 |         2.00 |
|  design_1_i/zynq_ultra_ps_e_0/inst/pl_clk0 | design_1_i/axi_smc/inst/s00_entry_pipeline/s00_transaction_regulator/inst/gen_endpoint.gen_r_multithread.r_multithread/cmd_reg/gen_pipe.sr_aid_match_reg[2]_0                                                 | design_1_i/axi_smc/inst/s00_entry_pipeline/s00_transaction_regulator/inst/gen_endpoint.gen_r_multithread.r_multithread/cmd_reg/areset_reg_0                                       |                2 |              4 |         2.00 |
|  design_1_i/zynq_ultra_ps_e_0/inst/pl_clk0 | design_1_i/axi_smc/inst/s00_entry_pipeline/s00_transaction_regulator/inst/gen_endpoint.gen_r_multithread.r_multithread/cmd_reg/gen_pipe.sr_aid_match_reg[3]_0                                                 | design_1_i/axi_smc/inst/s00_entry_pipeline/s00_transaction_regulator/inst/gen_endpoint.gen_r_multithread.r_multithread/cmd_reg/areset_reg                                         |                2 |              4 |         2.00 |
|  design_1_i/zynq_ultra_ps_e_0/inst/pl_clk0 | design_1_i/axi_smc/inst/m00_exit_pipeline/m00_exit/inst/splitter_inst/gen_axi4lite.axilite_conv/m_axi_arid_i[2]_i_1_n_0                                                                                       | design_1_i/axi_smc/inst/m00_exit_pipeline/m00_exit/inst/areset                                                                                                                    |                2 |              4 |         2.00 |
|  design_1_i/zynq_ultra_ps_e_0/inst/pl_clk0 | design_1_i/axi_smc/inst/s00_entry_pipeline/s00_transaction_regulator/inst/gen_endpoint.gen_r_multithread.r_multithread/cmd_reg/FSM_sequential_state_reg[1]_0[0]                                               |                                                                                                                                                                                   |                2 |              4 |         2.00 |
|  design_1_i/zynq_ultra_ps_e_0/inst/pl_clk0 | design_1_i/axi_smc/inst/s00_entry_pipeline/s00_transaction_regulator/inst/gen_endpoint.gen_r_multithread.r_multithread/cmd_reg/active_cnt[0]                                                                  | design_1_i/axi_smc/inst/s00_entry_pipeline/s00_transaction_regulator/inst/gen_endpoint.gen_r_multithread.r_multithread/cmd_reg/areset_reg_2                                       |                1 |              4 |         4.00 |
|  design_1_i/zynq_ultra_ps_e_0/inst/pl_clk0 |                                                                                                                                                                                                               | design_1_i/axi_smc/inst/m02_nodes/m02_w_node/inst/inst_mi_handler/m_sc_areset_r                                                                                                   |                3 |              4 |         1.33 |
|  design_1_i/zynq_ultra_ps_e_0/inst/pl_clk0 | design_1_i/axi_smc/inst/s00_entry_pipeline/s00_transaction_regulator/inst/gen_endpoint.gen_w_multithread.w_multithread/cmd_reg/gen_pipe.sr_aid_match_reg[3]                                                   | design_1_i/axi_smc/inst/s00_entry_pipeline/s00_transaction_regulator/inst/gen_endpoint.gen_w_multithread.w_multithread/allocate_queue/areset_reg_1[0]                             |                2 |              4 |         2.00 |
|  design_1_i/zynq_ultra_ps_e_0/inst/pl_clk0 | design_1_i/axi_smc/inst/s00_entry_pipeline/s00_transaction_regulator/inst/gen_endpoint.gen_w_multithread.w_multithread/cmd_reg/gen_pipe.sr_aid_match_reg[1]                                                   | design_1_i/axi_smc/inst/s00_entry_pipeline/s00_transaction_regulator/inst/gen_endpoint.gen_w_multithread.w_multithread/allocate_queue/areset_reg[0]                               |                2 |              4 |         2.00 |
|  design_1_i/zynq_ultra_ps_e_0/inst/pl_clk0 |                                                                                                                                                                                                               | design_1_i/axi_smc/inst/m01_nodes/m01_w_node/inst/inst_mi_handler/m_sc_areset_r                                                                                                   |                3 |              4 |         1.33 |
|  design_1_i/zynq_ultra_ps_e_0/inst/pl_clk0 | design_1_i/axi_smc/inst/m01_exit_pipeline/m01_exit/inst/exit_inst/gen_r_cmd_fifo.r_cmd_fifo/fifoaddr[3]_i_1_n_0                                                                                               | design_1_i/axi_smc/inst/m01_exit_pipeline/m01_exit/inst/areset                                                                                                                    |                2 |              4 |         2.00 |
|  design_1_i/zynq_ultra_ps_e_0/inst/pl_clk0 | design_1_i/axi_smc/inst/s00_entry_pipeline/s00_transaction_regulator/inst/gen_endpoint.gen_w_multithread.w_multithread/cmd_reg/gen_pipe.sr_aid_match_reg[2]                                                   | design_1_i/axi_smc/inst/s00_entry_pipeline/s00_transaction_regulator/inst/gen_endpoint.gen_w_multithread.w_multithread/allocate_queue/areset_reg_0[0]                             |                2 |              4 |         2.00 |
|  design_1_i/zynq_ultra_ps_e_0/inst/pl_clk0 | design_1_i/axi_smc/inst/s00_entry_pipeline/s00_transaction_regulator/inst/gen_endpoint.gen_w_multithread.w_multithread/allocate_queue/gen_srls[3].srl_nx1/shift_qual                                          |                                                                                                                                                                                   |                1 |              4 |         4.00 |
|  design_1_i/zynq_ultra_ps_e_0/inst/pl_clk0 | design_1_i/axi_smc/inst/s00_entry_pipeline/s00_transaction_regulator/inst/gen_endpoint.gen_w_multithread.w_multithread/cmd_reg/aid_match_d[0]                                                                 | design_1_i/axi_smc/inst/s00_entry_pipeline/s00_transaction_regulator/inst/gen_endpoint.gen_w_multithread.w_multithread/allocate_queue/deadlock_d[0]                               |                2 |              4 |         2.00 |
|  design_1_i/zynq_ultra_ps_e_0/inst/pl_clk0 | design_1_i/axi_smc/inst/s00_entry_pipeline/s00_transaction_regulator/inst/gen_endpoint.gen_w_multithread.w_multithread/cmd_reg/aid_match_d[0]                                                                 |                                                                                                                                                                                   |                1 |              4 |         4.00 |
|  design_1_i/zynq_ultra_ps_e_0/inst/pl_clk0 | design_1_i/axi_smc/inst/s00_entry_pipeline/s00_transaction_regulator/inst/gen_endpoint.gen_w_multithread.w_multithread/cmd_reg/active_cnt[0]                                                                  | design_1_i/axi_smc/inst/s00_entry_pipeline/s00_transaction_regulator/inst/gen_endpoint.gen_w_multithread.w_multithread/allocate_queue/SR[0]                                       |                2 |              4 |         2.00 |
|  design_1_i/zynq_ultra_ps_e_0/inst/pl_clk0 | design_1_i/axi_smc/inst/s00_entry_pipeline/s00_transaction_regulator/inst/gen_endpoint.gen_w_multithread.w_multithread/cmd_reg/FSM_sequential_state_reg[1]_0[0]                                               |                                                                                                                                                                                   |                2 |              4 |         2.00 |
|  design_1_i/zynq_ultra_ps_e_0/inst/pl_clk0 |                                                                                                                                                                                                               | design_1_i/axi_smc/inst/s00_entry_pipeline/s00_transaction_regulator/inst/gen_endpoint.gen_r_multithread.r_multithread/cmd_reg/deadlock_d[0]                                      |                2 |              4 |         2.00 |
|  design_1_i/zynq_ultra_ps_e_0/inst/pl_clk0 |                                                                                                                                                                                                               | design_1_i/axi_smc/inst/s00_entry_pipeline/s00_transaction_regulator/inst/gen_endpoint.gen_w_multithread.w_multithread/allocate_queue/deadlock_d[0]                               |                3 |              4 |         1.33 |
|  design_1_i/zynq_ultra_ps_e_0/inst/pl_clk0 | design_1_i/axi_smc/inst/m01_exit_pipeline/m01_exit/inst/exit_inst/gen_r_cmd_fifo.r_cmd_fifo/gen_pipelined.mesg_reg[0]                                                                                         |                                                                                                                                                                                   |                1 |              4 |         4.00 |
|  design_1_i/zynq_ultra_ps_e_0/inst/pl_clk0 |                                                                                                                                                                                                               | design_1_i/axi_smc/inst/m00_nodes/m00_w_node/inst/inst_mi_handler/m_sc_areset_r                                                                                                   |                3 |              4 |         1.33 |
|  design_1_i/zynq_ultra_ps_e_0/inst/pl_clk0 |                                                                                                                                                                                                               | design_1_i/axi_smc/inst/m00_nodes/m00_ar_node/inst/inst_mi_handler/m_sc_areset_r                                                                                                  |                3 |              4 |         1.33 |
|  design_1_i/zynq_ultra_ps_e_0/inst/pl_clk0 |                                                                                                                                                                                                               | design_1_i/axi_smc/inst/m00_nodes/m00_aw_node/inst/inst_mi_handler/m_sc_areset_r                                                                                                  |                3 |              4 |         1.33 |
|  design_1_i/zynq_ultra_ps_e_0/inst/pl_clk0 | design_1_i/axi_smc/inst/s00_entry_pipeline/s00_transaction_regulator/inst/gen_endpoint.gen_w_multithread.w_multithread/allocate_queue/gen_pipelined.state_reg[2]_0[0]                                         | design_1_i/axi_smc/inst/s00_entry_pipeline/s00_transaction_regulator/inst/areset                                                                                                  |                1 |              4 |         4.00 |
|  design_1_i/zynq_ultra_ps_e_0/inst/pl_clk0 | design_1_i/axi_smc/inst/s00_entry_pipeline/s00_transaction_regulator/inst/gen_endpoint.gen_w_multithread.w_multithread/allocate_queue/gen_pipelined.mesg_reg[0]                                               |                                                                                                                                                                                   |                2 |              4 |         2.00 |
|  design_1_i/zynq_ultra_ps_e_0/inst/pl_clk0 | design_1_i/axi_smc/inst/m00_exit_pipeline/m00_exit/inst/exit_inst/gen_r_cmd_fifo.r_cmd_fifo/fifoaddr[3]_i_1__0_n_0                                                                                            | design_1_i/axi_smc/inst/m00_exit_pipeline/m00_exit/inst/areset                                                                                                                    |                1 |              4 |         4.00 |
|  design_1_i/zynq_ultra_ps_e_0/inst/pl_clk0 |                                                                                                                                                                                                               | design_1_i/axi_smc/inst/m01_nodes/m01_aw_node/inst/inst_mi_handler/m_sc_areset_r                                                                                                  |                3 |              4 |         1.33 |
|  design_1_i/zynq_ultra_ps_e_0/inst/pl_clk0 |                                                                                                                                                                                                               | design_1_i/axi_smc/inst/m02_nodes/m02_ar_node/inst/inst_mi_handler/m_sc_areset_r                                                                                                  |                3 |              4 |         1.33 |
|  design_1_i/zynq_ultra_ps_e_0/inst/pl_clk0 |                                                                                                                                                                                                               | design_1_i/axi_smc/inst/m02_nodes/m02_aw_node/inst/inst_mi_handler/m_sc_areset_r                                                                                                  |                4 |              4 |         1.00 |
|  design_1_i/zynq_ultra_ps_e_0/inst/pl_clk0 | design_1_i/axi_smc/inst/m01_exit_pipeline/m01_exit/inst/exit_inst/gen_r_cmd_fifo.r_cmd_fifo/gen_srls[17].srl_nx1/shift_qual                                                                                   |                                                                                                                                                                                   |                1 |              4 |         4.00 |
|  design_1_i/zynq_ultra_ps_e_0/inst/pl_clk0 | design_1_i/axi_smc/inst/m02_exit_pipeline/m02_exit/inst/splitter_inst/gen_axi4lite.axilite_conv/m_axi_arid_i[2]_i_1_n_0                                                                                       | design_1_i/axi_smc/inst/m02_exit_pipeline/m02_exit/inst/areset                                                                                                                    |                1 |              4 |         4.00 |
|  design_1_i/zynq_ultra_ps_e_0/inst/pl_clk0 | design_1_i/axi_smc/inst/s00_entry_pipeline/s00_transaction_regulator/inst/gen_endpoint.gen_r_multithread.r_multithread/allocate_queue/gen_srls[3].srl_nx1/shift_qual                                          |                                                                                                                                                                                   |                1 |              4 |         4.00 |
|  design_1_i/zynq_ultra_ps_e_0/inst/pl_clk0 | design_1_i/axi_smc/inst/m02_exit_pipeline/m02_exit/inst/exit_inst/gen_r_cmd_fifo.r_cmd_fifo/fifoaddr[3]_i_1__0_n_0                                                                                            | design_1_i/axi_smc/inst/m02_exit_pipeline/m02_exit/inst/areset                                                                                                                    |                1 |              4 |         4.00 |
|  design_1_i/zynq_ultra_ps_e_0/inst/pl_clk0 | design_1_i/axi_smc/inst/s00_entry_pipeline/s00_si_converter/inst/gen_normal.splitter_inst/gen_no_wsplitter.gen_endpoint_woffset.gen_wbypass_offset_fifo.wbypass_offset_fifo/fifoaddr[3]_i_1__0_n_0            | design_1_i/axi_smc/inst/s00_entry_pipeline/s00_si_converter/inst/areset                                                                                                           |                2 |              4 |         2.00 |
|  design_1_i/zynq_ultra_ps_e_0/inst/pl_clk0 | design_1_i/axi_smc/inst/m02_exit_pipeline/m02_exit/inst/exit_inst/gen_w_cmd_fifo.w_cmd_fifo/fifoaddr[3]_i_1_n_0                                                                                               | design_1_i/axi_smc/inst/m02_exit_pipeline/m02_exit/inst/areset                                                                                                                    |                1 |              4 |         4.00 |
|  design_1_i/zynq_ultra_ps_e_0/inst/pl_clk0 | design_1_i/axi_smc/inst/m00_exit_pipeline/m00_exit/inst/splitter_inst/gen_axi4lite.axilite_conv/aw_addr[11]_i_1_n_0                                                                                           | design_1_i/axi_smc/inst/m00_exit_pipeline/m00_exit/inst/areset                                                                                                                    |                1 |              5 |         5.00 |
|  design_1_i/zynq_ultra_ps_e_0/inst/pl_clk0 | design_1_i/axi_fifo_mm_s_0/U0/gaxif.COMP_AXI4/axi_wr_fsm/axi_wr_fsm/s_axi4_wvalid_0[0]                                                                                                                        | design_1_i/axi_fifo_mm_s_0/U0/COMP_IPIC2AXI_S/gtxd.COMP_TXD_FIFO/gfifo_gen.COMP_AXIS_FG_FIFO/SS[0]                                                                                |                1 |              5 |         5.00 |
|  design_1_i/zynq_ultra_ps_e_0/inst/pl_clk0 | design_1_i/axi_smc/inst/s00_entry_pipeline/s00_si_converter/inst/converter.low_area_converter.low_area_wrap_inst/w_resp_fifo/fifoaddr[4]_i_1_n_0                                                              | design_1_i/axi_smc/inst/s00_entry_pipeline/s00_si_converter/inst/areset                                                                                                           |                2 |              5 |         2.50 |
|  design_1_i/zynq_ultra_ps_e_0/inst/pl_clk0 | design_1_i/axi_smc/inst/m00_exit_pipeline/m00_exit/inst/ar_reg/m_vector_i[0]                                                                                                                                  |                                                                                                                                                                                   |                1 |              5 |         5.00 |
|  design_1_i/zynq_ultra_ps_e_0/inst/pl_clk0 | design_1_i/axi_smc/inst/m00_exit_pipeline/m00_exit/inst/aw_reg/m_vector_i[0]                                                                                                                                  |                                                                                                                                                                                   |                1 |              5 |         5.00 |
|  design_1_i/zynq_ultra_ps_e_0/inst/pl_clk0 |                                                                                                                                                                                                               | design_1_i/axi_fifo_mm_s_0/U0/COMP_IPIC2AXI_S/grxd.COMP_rx_len_fifo/xpm_fifo_base_inst/xpm_fifo_rst_inst/Q[0]                                                                     |                3 |              5 |         1.67 |
|  design_1_i/zynq_ultra_ps_e_0/inst/pl_clk0 | design_1_i/axi_smc/inst/m00_exit_pipeline/m00_exit/inst/ar_reg/skid_buffer[1136]_i_1_n_0                                                                                                                      |                                                                                                                                                                                   |                1 |              5 |         5.00 |
|  design_1_i/zynq_ultra_ps_e_0/inst/pl_clk0 | design_1_i/axi_smc/inst/s00_entry_pipeline/s00_mmu/inst/ar_sreg/FSM_sequential_gen_endpoint.r_state_reg[1][0]                                                                                                 | design_1_i/axi_smc/inst/s00_entry_pipeline/s00_mmu/inst/areset                                                                                                                    |                1 |              5 |         5.00 |
|  design_1_i/zynq_ultra_ps_e_0/inst/pl_clk0 | design_1_i/axi_smc/inst/s00_entry_pipeline/s00_mmu/inst/b_sreg/E[0]                                                                                                                                           | design_1_i/axi_smc/inst/s00_entry_pipeline/s00_mmu/inst/areset_d                                                                                                                  |                1 |              5 |         5.00 |
|  design_1_i/zynq_ultra_ps_e_0/inst/pl_clk0 | design_1_i/axi_smc/inst/m00_exit_pipeline/m00_exit/inst/aw_reg/skid_buffer[1136]_i_1__0_n_0                                                                                                                   |                                                                                                                                                                                   |                1 |              5 |         5.00 |
|  design_1_i/zynq_ultra_ps_e_0/inst/pl_clk0 | design_1_i/axi_smc/inst/m00_exit_pipeline/m00_exit/inst/splitter_inst/gen_axi4lite.axilite_conv/ar_addr_d[11]_i_1_n_0                                                                                         | design_1_i/axi_smc/inst/m00_exit_pipeline/m00_exit/inst/areset                                                                                                                    |                1 |              5 |         5.00 |
|  design_1_i/zynq_ultra_ps_e_0/inst/pl_clk0 | design_1_i/axi_smc/inst/s00_entry_pipeline/s00_mmu/inst/w_sreg/E[0]                                                                                                                                           | design_1_i/axi_smc/inst/s00_entry_pipeline/s00_mmu/inst/areset_d                                                                                                                  |                2 |              5 |         2.50 |
|  design_1_i/zynq_ultra_ps_e_0/inst/pl_clk0 | design_1_i/axi_smc/inst/m01_nodes/m01_ar_node/inst/inst_mi_handler/gen_normal_area.gen_node_prog_full.inst_node_prog_full/gen_xpm_memory_fifo.inst_fifo/gen_mem_rep[0].inst_rd_addrb/rd_addrb_incr            | design_1_i/axi_smc/inst/m01_nodes/m01_ar_node/inst/inst_mi_handler/m_sc_areset_r                                                                                                  |                3 |              6 |         2.00 |
|  design_1_i/zynq_ultra_ps_e_0/inst/pl_clk0 | design_1_i/axi_smc/inst/m00_nodes/m00_ar_node/inst/inst_mi_handler/gen_normal_area.gen_node_prog_full.inst_node_prog_full/gen_xpm_memory_fifo.inst_fifo/gen_mem_rep[0].inst_rd_addrb/rd_addrb_incr            | design_1_i/axi_smc/inst/m00_nodes/m00_ar_node/inst/inst_mi_handler/m_sc_areset_r                                                                                                  |                2 |              6 |         3.00 |
|  design_1_i/zynq_ultra_ps_e_0/inst/pl_clk0 | design_1_i/axi_smc/inst/m00_nodes/m00_aw_node/inst/inst_mi_handler/gen_normal_area.gen_node_prog_full.inst_node_prog_full/gen_xpm_memory_fifo.inst_fifo/gen_mem_rep[0].inst_rd_addrb/rd_addrb_incr            | design_1_i/axi_smc/inst/m00_nodes/m00_aw_node/inst/inst_mi_handler/m_sc_areset_r                                                                                                  |                3 |              6 |         2.00 |
|  design_1_i/zynq_ultra_ps_e_0/inst/pl_clk0 | design_1_i/axi_smc/inst/m02_nodes/m02_aw_node/inst/inst_mi_handler/gen_normal_area.gen_node_prog_full.inst_node_prog_full/gen_xpm_memory_fifo.inst_fifo/gen_mem_rep[0].inst_rd_addrb/rd_addrb_incr            | design_1_i/axi_smc/inst/m02_nodes/m02_aw_node/inst/inst_mi_handler/m_sc_areset_r                                                                                                  |                2 |              6 |         3.00 |
|  design_1_i/zynq_ultra_ps_e_0/inst/pl_clk0 | design_1_i/axi_smc/inst/m01_nodes/m01_w_node/inst/inst_mi_handler/gen_normal_area.gen_node_prog_full.inst_node_prog_full/gen_xpm_memory_fifo.inst_fifo/gen_mem_rep[0].inst_rd_addrb/rd_addrb_incr             | design_1_i/axi_smc/inst/m01_nodes/m01_w_node/inst/inst_mi_handler/m_sc_areset_r                                                                                                   |                2 |              6 |         3.00 |
|  design_1_i/zynq_ultra_ps_e_0/inst/pl_clk0 | design_1_i/rst_ps8_0_99M/U0/SEQ/seq_cnt_en                                                                                                                                                                    | design_1_i/rst_ps8_0_99M/U0/SEQ/seq_clr                                                                                                                                           |                1 |              6 |         6.00 |
|  design_1_i/zynq_ultra_ps_e_0/inst/pl_clk0 | design_1_i/axi_smc/inst/m02_nodes/m02_r_node/inst/inst_mi_handler/gen_normal_area.gen_fifo_req.inst_fifo_req/gen_xpm_memory_fifo.inst_fifo/gen_mem_rep[0].inst_rd_addrb/rd_addrb_incr                         | design_1_i/axi_smc/inst/m02_nodes/m02_r_node/inst/inst_mi_handler/m_sc_areset_r                                                                                                   |                2 |              6 |         3.00 |
|  design_1_i/zynq_ultra_ps_e_0/inst/pl_clk0 |                                                                                                                                                                                                               | design_1_i/axi_timer_0/U0/AXI4_LITE_I/I_SLAVE_ATTACHMENT/INCLUDE_DPHASE_TIMER.dpto_cnt[5]_i_1_n_0                                                                                 |                1 |              6 |         6.00 |
|  design_1_i/zynq_ultra_ps_e_0/inst/pl_clk0 | design_1_i/axi_smc/inst/m01_nodes/m01_aw_node/inst/inst_mi_handler/gen_normal_area.gen_node_prog_full.inst_node_prog_full/gen_xpm_memory_fifo.inst_fifo/gen_mem_rep[0].inst_rd_addrb/rd_addrb_incr            | design_1_i/axi_smc/inst/m01_nodes/m01_aw_node/inst/inst_mi_handler/m_sc_areset_r                                                                                                  |                2 |              6 |         3.00 |
|  design_1_i/zynq_ultra_ps_e_0/inst/pl_clk0 | design_1_i/axi_smc/inst/m02_nodes/m02_w_node/inst/inst_mi_handler/gen_normal_area.gen_node_prog_full.inst_node_prog_full/gen_xpm_memory_fifo.inst_fifo/gen_mem_rep[0].inst_rd_addrb/rd_addrb_incr             | design_1_i/axi_smc/inst/m02_nodes/m02_w_node/inst/inst_mi_handler/m_sc_areset_r                                                                                                   |                3 |              6 |         2.00 |
|  design_1_i/zynq_ultra_ps_e_0/inst/pl_clk0 | design_1_i/axi_smc/inst/m00_nodes/m00_r_node/inst/inst_mi_handler/gen_normal_area.gen_fifo_req.inst_fifo_req/gen_xpm_memory_fifo.inst_fifo/gen_mem_rep[0].inst_rd_addrb/rd_addrb_incr                         | design_1_i/axi_smc/inst/m00_nodes/m00_r_node/inst/inst_mi_handler/m_sc_areset_r                                                                                                   |                2 |              6 |         3.00 |
|  design_1_i/zynq_ultra_ps_e_0/inst/pl_clk0 | design_1_i/axi_smc/inst/m00_nodes/m00_w_node/inst/inst_mi_handler/gen_normal_area.gen_node_prog_full.inst_node_prog_full/gen_xpm_memory_fifo.inst_fifo/gen_mem_rep[0].inst_rd_addrb/rd_addrb_incr             | design_1_i/axi_smc/inst/m00_nodes/m00_w_node/inst/inst_mi_handler/m_sc_areset_r                                                                                                   |                2 |              6 |         3.00 |
|  design_1_i/zynq_ultra_ps_e_0/inst/pl_clk0 | design_1_i/axi_smc/inst/s00_entry_pipeline/s00_si_converter/inst/converter.low_area_converter.low_area_wrap_inst/w_resp_fifo/FSM_onehot_w_state_reg[1]_0[0]                                                   | design_1_i/axi_smc/inst/s00_entry_pipeline/s00_si_converter/inst/areset                                                                                                           |                4 |              6 |         1.50 |
|  design_1_i/zynq_ultra_ps_e_0/inst/pl_clk0 | design_1_i/axi_smc/inst/m01_nodes/m01_b_node/inst/inst_mi_handler/gen_normal_area.gen_fifo_req.inst_fifo_req/gen_xpm_memory_fifo.inst_fifo/gen_mem_rep[0].inst_rd_addrb/rd_addrb_incr                         | design_1_i/axi_smc/inst/m01_nodes/m01_b_node/inst/inst_mi_handler/m_sc_areset_r                                                                                                   |                2 |              6 |         3.00 |
|  design_1_i/zynq_ultra_ps_e_0/inst/pl_clk0 | design_1_i/axi_smc/inst/s00_nodes/s00_b_node/inst/inst_mi_handler/gen_normal_area.gen_node_prog_full.inst_node_prog_full/gen_xpm_memory_fifo.inst_fifo/gen_mem_rep[0].inst_rd_addrb/rd_addrb_incr             | design_1_i/axi_smc/inst/s00_nodes/s00_b_node/inst/inst_mi_handler/m_sc_areset_r                                                                                                   |                2 |              6 |         3.00 |
|  design_1_i/zynq_ultra_ps_e_0/inst/pl_clk0 | design_1_i/axi_smc/inst/s00_entry_pipeline/s00_si_converter/inst/converter.low_area_converter.low_area_wrap_inst/num_outstanding_writes[0]                                                                    | design_1_i/axi_smc/inst/s00_entry_pipeline/s00_si_converter/inst/areset                                                                                                           |                2 |              6 |         3.00 |
|  design_1_i/zynq_ultra_ps_e_0/inst/pl_clk0 | design_1_i/axi_smc/inst/m02_nodes/m02_ar_node/inst/inst_mi_handler/gen_normal_area.gen_node_prog_full.inst_node_prog_full/gen_xpm_memory_fifo.inst_fifo/gen_mem_rep[0].inst_rd_addrb/rd_addrb_incr            | design_1_i/axi_smc/inst/m02_nodes/m02_ar_node/inst/inst_mi_handler/m_sc_areset_r                                                                                                  |                2 |              6 |         3.00 |
|  design_1_i/zynq_ultra_ps_e_0/inst/pl_clk0 | design_1_i/axi_smc/inst/s00_entry_pipeline/s00_si_converter/inst/converter.low_area_converter.low_area_wrap_inst/num_outstanding_bursts_read[0]                                                               | design_1_i/axi_smc/inst/s00_entry_pipeline/s00_si_converter/inst/areset                                                                                                           |                1 |              6 |         6.00 |
|  design_1_i/zynq_ultra_ps_e_0/inst/pl_clk0 | design_1_i/axi_smc/inst/s00_entry_pipeline/s00_si_converter/inst/converter.low_area_converter.low_area_wrap_inst/num_outstanding_writes_resp[0]                                                               | design_1_i/axi_smc/inst/s00_entry_pipeline/s00_si_converter/inst/areset                                                                                                           |                2 |              6 |         3.00 |
|  design_1_i/zynq_ultra_ps_e_0/inst/pl_clk0 | design_1_i/axi_smc/inst/s00_nodes/s00_r_node/inst/inst_mi_handler/gen_normal_area.gen_node_prog_full.inst_node_prog_full/gen_xpm_memory_fifo.inst_fifo/gen_mem_rep[0].inst_rd_addrb/rd_addrb_incr             | design_1_i/axi_smc/inst/s00_nodes/s00_r_node/inst/inst_mi_handler/m_sc_areset_r                                                                                                   |                3 |              6 |         2.00 |
|  design_1_i/zynq_ultra_ps_e_0/inst/pl_clk0 | design_1_i/axi_smc/inst/m00_nodes/m00_b_node/inst/inst_mi_handler/gen_normal_area.gen_fifo_req.inst_fifo_req/gen_xpm_memory_fifo.inst_fifo/gen_mem_rep[0].inst_rd_addrb/rd_addrb_incr                         | design_1_i/axi_smc/inst/m00_nodes/m00_b_node/inst/inst_mi_handler/m_sc_areset_r                                                                                                   |                2 |              6 |         3.00 |
|  design_1_i/zynq_ultra_ps_e_0/inst/pl_clk0 | design_1_i/axi_smc/inst/m01_nodes/m01_r_node/inst/inst_mi_handler/gen_normal_area.gen_fifo_req.inst_fifo_req/gen_xpm_memory_fifo.inst_fifo/gen_mem_rep[0].inst_rd_addrb/rd_addrb_incr                         | design_1_i/axi_smc/inst/m01_nodes/m01_r_node/inst/inst_mi_handler/m_sc_areset_r                                                                                                   |                2 |              6 |         3.00 |
|  design_1_i/zynq_ultra_ps_e_0/inst/pl_clk0 | design_1_i/axi_smc/inst/clk_map/psr_aclk/U0/SEQ/seq_cnt_en                                                                                                                                                    | design_1_i/axi_smc/inst/clk_map/psr_aclk/U0/SEQ/seq_clr                                                                                                                           |                2 |              6 |         3.00 |
|  design_1_i/zynq_ultra_ps_e_0/inst/pl_clk0 | design_1_i/axi_fifo_mm_s_0/U0/COMP_IPIF/I_SLAVE_ATTACHMENT/start2_i_1_n_0                                                                                                                                     | design_1_i/axi_fifo_mm_s_0/U0/COMP_IPIF/I_SLAVE_ATTACHMENT/rst_0                                                                                                                  |                3 |              6 |         2.00 |
|  design_1_i/zynq_ultra_ps_e_0/inst/pl_clk0 | design_1_i/axi_smc/inst/m02_nodes/m02_b_node/inst/inst_mi_handler/gen_normal_area.gen_fifo_req.inst_fifo_req/gen_xpm_memory_fifo.inst_fifo/gen_mem_rep[0].inst_rd_addrb/rd_addrb_incr                         | design_1_i/axi_smc/inst/m02_nodes/m02_b_node/inst/inst_mi_handler/m_sc_areset_r                                                                                                   |                1 |              6 |         6.00 |
|  design_1_i/zynq_ultra_ps_e_0/inst/pl_clk0 | design_1_i/axi_timer_0/U0/AXI4_LITE_I/I_SLAVE_ATTACHMENT/start2                                                                                                                                               | design_1_i/axi_timer_0/U0/AXI4_LITE_I/I_SLAVE_ATTACHMENT/I_DECODER/cs_ce_clr                                                                                                      |                1 |              7 |         7.00 |
|  design_1_i/zynq_ultra_ps_e_0/inst/pl_clk0 |                                                                                                                                                                                                               | design_1_i/axi_smc/inst/m00_nodes/m00_r_node/inst/inst_mi_handler/m_sc_areset_r                                                                                                   |                5 |              7 |         1.40 |
|  design_1_i/zynq_ultra_ps_e_0/inst/pl_clk0 |                                                                                                                                                                                                               | design_1_i/axi_smc/inst/m01_nodes/m01_r_node/inst/inst_mi_handler/m_sc_areset_r                                                                                                   |                4 |              7 |         1.75 |
|  design_1_i/zynq_ultra_ps_e_0/inst/pl_clk0 |                                                                                                                                                                                                               | design_1_i/axi_smc/inst/m01_nodes/m01_b_node/inst/inst_mi_handler/m_sc_areset_r                                                                                                   |                5 |              7 |         1.40 |
|  design_1_i/zynq_ultra_ps_e_0/inst/pl_clk0 |                                                                                                                                                                                                               | design_1_i/axi_smc/inst/m00_nodes/m00_b_node/inst/inst_mi_handler/m_sc_areset_r                                                                                                   |                5 |              7 |         1.40 |
|  design_1_i/zynq_ultra_ps_e_0/inst/pl_clk0 | design_1_i/axi_smc/inst/s00_entry_pipeline/s00_si_converter/inst/converter.low_area_converter.low_area_wrap_inst/read_bytes[6]_i_1_n_0                                                                        | design_1_i/axi_smc/inst/s00_entry_pipeline/s00_si_converter/inst/areset                                                                                                           |                3 |              7 |         2.33 |
|  design_1_i/zynq_ultra_ps_e_0/inst/pl_clk0 |                                                                                                                                                                                                               | design_1_i/axi_smc/inst/m02_nodes/m02_r_node/inst/inst_mi_handler/m_sc_areset_r                                                                                                   |                5 |              7 |         1.40 |
|  design_1_i/zynq_ultra_ps_e_0/inst/pl_clk0 |                                                                                                                                                                                                               | design_1_i/axi_smc/inst/m02_nodes/m02_b_node/inst/inst_mi_handler/m_sc_areset_r                                                                                                   |                5 |              7 |         1.40 |
|  design_1_i/zynq_ultra_ps_e_0/inst/pl_clk0 | design_1_i/axi_fifo_mm_s_0/U0/gaxif.COMP_AXI4/axi_rd_sm/axi_read_fsm/E[0]                                                                                                                                     | design_1_i/axi_fifo_mm_s_0/U0/COMP_IPIC2AXI_S/gtxd.COMP_TXD_FIFO/gfifo_gen.COMP_AXIS_FG_FIFO/sync_areset_n_reg_0[0]                                                               |                3 |              8 |         2.67 |
|  design_1_i/zynq_ultra_ps_e_0/inst/pl_clk0 |                                                                                                                                                                                                               | design_1_i/axi_fifo_mm_s_0/U0/COMP_IPIF/I_SLAVE_ATTACHMENT/rst_0                                                                                                                  |                3 |              8 |         2.67 |
|  design_1_i/zynq_ultra_ps_e_0/inst/pl_clk0 | design_1_i/axi_smc/inst/m00_exit_pipeline/m00_exit/inst/splitter_inst/gen_axi4lite.axilite_conv/r_beats[7]_i_1_n_0                                                                                            | design_1_i/axi_smc/inst/m00_exit_pipeline/m00_exit/inst/areset                                                                                                                    |                3 |              8 |         2.67 |
|  design_1_i/zynq_ultra_ps_e_0/inst/pl_clk0 | design_1_i/axi_smc/inst/s00_entry_pipeline/s00_mmu/inst/gen_endpoint.decerr_slave_inst/gen_axi.gen_read.read_cnt[7]_i_1_n_0                                                                                   | design_1_i/axi_smc/inst/s00_entry_pipeline/s00_mmu/inst/areset                                                                                                                    |                3 |              8 |         2.67 |
|  design_1_i/zynq_ultra_ps_e_0/inst/pl_clk0 | design_1_i/axi_fifo_mm_s_0/U0/gaxif.COMP_AXI4/axi_wr_fsm/axi_wr_fsm/FSM_sequential_gaxi_full_sm.present_state_reg[0]_0[0]                                                                                     | design_1_i/axi_fifo_mm_s_0/U0/COMP_IPIC2AXI_S/gtxd.COMP_TXD_FIFO/gfifo_gen.COMP_AXIS_FG_FIFO/sync_areset_n_reg_0[0]                                                               |                2 |              8 |         4.00 |
|  design_1_i/zynq_ultra_ps_e_0/inst/pl_clk0 | design_1_i/axi_smc/inst/s00_nodes/s00_ar_node/inst/inst_mi_handler/gen_normal_area.gen_fifo_req.inst_fifo_req/gen_xpm_memory_fifo.inst_fifo/wr_wea                                                            |                                                                                                                                                                                   |                1 |              8 |         8.00 |
|  design_1_i/zynq_ultra_ps_e_0/inst/pl_clk0 | design_1_i/axi_smc/inst/s00_nodes/s00_b_node/inst/inst_mi_handler/gen_normal_area.inst_fifo_node_payld/gen_xpm_memory_fifo.inst_fifo/wr_wea                                                                   |                                                                                                                                                                                   |                1 |              8 |         8.00 |
|  design_1_i/zynq_ultra_ps_e_0/inst/pl_clk0 | design_1_i/axi_smc/inst/s00_nodes/s00_aw_node/inst/inst_mi_handler/gen_normal_area.gen_fifo_req.inst_fifo_req/gen_xpm_memory_fifo.inst_fifo/wr_wea                                                            |                                                                                                                                                                                   |                1 |              8 |         8.00 |
|  design_1_i/zynq_ultra_ps_e_0/inst/pl_clk0 | design_1_i/axi_smc/inst/s00_nodes/s00_w_node/inst/inst_mi_handler/gen_normal_area.gen_fifo_req.inst_fifo_req/gen_xpm_memory_fifo.inst_fifo/wr_wea                                                             |                                                                                                                                                                                   |                1 |              8 |         8.00 |
|  design_1_i/zynq_ultra_ps_e_0/inst/pl_clk0 | design_1_i/axi_smc/inst/s00_entry_pipeline/s00_si_converter/inst/converter.low_area_converter.low_area_wrap_inst/first_rd_iterations[7]_i_1_n_0                                                               | design_1_i/axi_smc/inst/s00_entry_pipeline/s00_si_converter/inst/areset                                                                                                           |                4 |              8 |         2.00 |
|  design_1_i/zynq_ultra_ps_e_0/inst/pl_clk0 | design_1_i/axi_smc/inst/s00_entry_pipeline/s00_si_converter/inst/converter.low_area_converter.low_area_wrap_inst/si_rd_count[7]_i_1_n_0                                                                       | design_1_i/axi_smc/inst/s00_entry_pipeline/s00_si_converter/inst/areset                                                                                                           |                3 |              8 |         2.67 |
|  design_1_i/zynq_ultra_ps_e_0/inst/pl_clk0 | design_1_i/axi_timer_0/U0/AXI4_LITE_I/I_SLAVE_ATTACHMENT/I_DECODER/bus2ip_wrce[0]                                                                                                                             | design_1_i/rst_ps8_0_99M/U0/peripheral_aresetn[0]                                                                                                                                 |                7 |              8 |         1.14 |
|  design_1_i/zynq_ultra_ps_e_0/inst/pl_clk0 | design_1_i/axi_smc/inst/m00_exit_pipeline/m00_exit/inst/splitter_inst/gen_axi4lite.axilite_conv/ar_cnt[7]_i_1_n_0                                                                                             | design_1_i/axi_smc/inst/m00_exit_pipeline/m00_exit/inst/areset                                                                                                                    |                3 |              8 |         2.67 |
|  design_1_i/zynq_ultra_ps_e_0/inst/pl_clk0 | design_1_i/axi_smc/inst/m02_exit_pipeline/m02_exit/inst/splitter_inst/gen_axi4lite.axilite_conv/ar_cnt[7]_i_1_n_0                                                                                             | design_1_i/axi_smc/inst/m02_exit_pipeline/m02_exit/inst/areset                                                                                                                    |                3 |              8 |         2.67 |
|  design_1_i/zynq_ultra_ps_e_0/inst/pl_clk0 | design_1_i/axi_smc/inst/m02_exit_pipeline/m02_exit/inst/splitter_inst/gen_axi4lite.axilite_conv/r_beats[7]_i_1_n_0                                                                                            | design_1_i/axi_smc/inst/m02_exit_pipeline/m02_exit/inst/areset                                                                                                                    |                2 |              8 |         4.00 |
|  design_1_i/zynq_ultra_ps_e_0/inst/pl_clk0 |                                                                                                                                                                                                               | design_1_i/axi_smc/inst/m01_exit_pipeline/m01_exit/inst/areset                                                                                                                    |                7 |              8 |         1.14 |
|  design_1_i/zynq_ultra_ps_e_0/inst/pl_clk0 | design_1_i/axi_smc/inst/m00_exit_pipeline/m00_exit/inst/splitter_inst/gen_axi4lite.axilite_conv/w_cnt[8]_i_1_n_0                                                                                              | design_1_i/axi_smc/inst/m00_exit_pipeline/m00_exit/inst/areset                                                                                                                    |                2 |              9 |         4.50 |
|  design_1_i/zynq_ultra_ps_e_0/inst/pl_clk0 | design_1_i/axi_smc/inst/m02_exit_pipeline/m02_exit/inst/splitter_inst/gen_axi4lite.axilite_conv/w_cnt[8]_i_1_n_0                                                                                              | design_1_i/axi_smc/inst/m02_exit_pipeline/m02_exit/inst/areset                                                                                                                    |                3 |              9 |         3.00 |
|  design_1_i/zynq_ultra_ps_e_0/inst/pl_clk0 |                                                                                                                                                                                                               | design_1_i/axi_smc/inst/s00_nodes/s00_w_node/inst/inst_mi_handler/m_sc_areset_r                                                                                                   |                5 |              9 |         1.80 |
|  design_1_i/zynq_ultra_ps_e_0/inst/pl_clk0 |                                                                                                                                                                                                               | design_1_i/axi_timer_0/U0/AXI4_LITE_I/I_SLAVE_ATTACHMENT/rst                                                                                                                      |                2 |              9 |         4.50 |
|  design_1_i/zynq_ultra_ps_e_0/inst/pl_clk0 | design_1_i/axi_smc/inst/s00_nodes/s00_ar_node/inst/inst_mi_handler/gen_normal_area.gen_fifo_req.inst_fifo_req/gen_xpm_memory_fifo.inst_fifo/gen_mem_rep[0].inst_rd_addrb/rd_addrb_incr                        | design_1_i/axi_smc/inst/s00_nodes/s00_ar_node/inst/inst_mi_handler/m_sc_areset_r                                                                                                  |                3 |              9 |         3.00 |
|  design_1_i/zynq_ultra_ps_e_0/inst/pl_clk0 | design_1_i/axi_smc/inst/s00_nodes/s00_aw_node/inst/inst_mi_handler/gen_normal_area.gen_fifo_req.inst_fifo_req/gen_xpm_memory_fifo.inst_fifo/gen_mem_rep[0].inst_rd_addrb/rd_addrb_incr                        | design_1_i/axi_smc/inst/s00_nodes/s00_aw_node/inst/inst_mi_handler/m_sc_areset_r                                                                                                  |                4 |              9 |         2.25 |
|  design_1_i/zynq_ultra_ps_e_0/inst/pl_clk0 | design_1_i/axi_smc/inst/s00_entry_pipeline/s00_si_converter/inst/converter.low_area_converter.low_area_wrap_inst/w_resp_fifo/gen_srls[9].srl_nx1/shift                                                        |                                                                                                                                                                                   |                2 |              9 |         4.50 |
|  design_1_i/zynq_ultra_ps_e_0/inst/pl_clk0 | design_1_i/axi_smc/inst/s00_entry_pipeline/s00_si_converter/inst/converter.low_area_converter.low_area_wrap_inst/w_resp_fifo/gen_pipelined.load_mesg                                                          |                                                                                                                                                                                   |                4 |              9 |         2.25 |
|  design_1_i/zynq_ultra_ps_e_0/inst/pl_clk0 | design_1_i/axi_smc/inst/m00_exit_pipeline/m00_exit/inst/splitter_inst/gen_axi4lite.axilite_conv/b_cnt[0]                                                                                                      | design_1_i/axi_smc/inst/m00_exit_pipeline/m00_exit/inst/splitter_inst/gen_axi4lite.axilite_conv/b_cnt[8]_i_1_n_0                                                                  |                2 |              9 |         4.50 |
|  design_1_i/zynq_ultra_ps_e_0/inst/pl_clk0 |                                                                                                                                                                                                               | design_1_i/axi_smc/inst/s00_nodes/s00_ar_node/inst/inst_mi_handler/m_sc_areset_r                                                                                                  |                5 |              9 |         1.80 |
|  design_1_i/zynq_ultra_ps_e_0/inst/pl_clk0 |                                                                                                                                                                                                               | design_1_i/axi_smc/inst/s00_nodes/s00_aw_node/inst/inst_mi_handler/m_sc_areset_r                                                                                                  |                5 |              9 |         1.80 |
|  design_1_i/zynq_ultra_ps_e_0/inst/pl_clk0 | design_1_i/axi_timer_0/U0/AXI4_LITE_I/I_SLAVE_ATTACHMENT/I_DECODER/bus2ip_wrce[1]                                                                                                                             | design_1_i/rst_ps8_0_99M/U0/peripheral_aresetn[0]                                                                                                                                 |                7 |              9 |         1.29 |
|  design_1_i/zynq_ultra_ps_e_0/inst/pl_clk0 | design_1_i/axi_smc/inst/s00_nodes/s00_w_node/inst/inst_mi_handler/gen_normal_area.gen_fifo_req.inst_fifo_req/gen_xpm_memory_fifo.inst_fifo/gen_mem_rep[0].inst_rd_addrb/rd_addrb_incr                         | design_1_i/axi_smc/inst/s00_nodes/s00_w_node/inst/inst_mi_handler/m_sc_areset_r                                                                                                   |                3 |              9 |         3.00 |
|  design_1_i/zynq_ultra_ps_e_0/inst/pl_clk0 | design_1_i/axi_smc/inst/m02_exit_pipeline/m02_exit/inst/splitter_inst/gen_axi4lite.axilite_conv/b_cnt[0]                                                                                                      | design_1_i/axi_smc/inst/m02_exit_pipeline/m02_exit/inst/splitter_inst/gen_axi4lite.axilite_conv/b_cnt[8]_i_1_n_0                                                                  |                2 |              9 |         4.50 |
|  design_1_i/zynq_ultra_ps_e_0/inst/pl_clk0 | design_1_i/axi_smc/inst/s00_entry_pipeline/s00_si_converter/inst/converter.low_area_converter.low_area_wrap_inst/w_cnt[8]_i_1_n_0                                                                             | design_1_i/axi_smc/inst/s00_entry_pipeline/s00_si_converter/inst/areset                                                                                                           |                4 |              9 |         2.25 |
|  design_1_i/zynq_ultra_ps_e_0/inst/pl_clk0 | design_1_i/axi_smc/inst/s00_entry_pipeline/s00_si_converter/inst/converter.low_area_converter.low_area_wrap_inst/b_cnt[8]_i_1_n_0                                                                             | design_1_i/axi_smc/inst/s00_entry_pipeline/s00_si_converter/inst/areset                                                                                                           |                4 |              9 |         2.25 |
|  design_1_i/zynq_ultra_ps_e_0/inst/pl_clk0 | design_1_i/axi_smc/inst/s00_entry_pipeline/s00_si_converter/inst/converter.low_area_converter.low_area_wrap_inst/next_araddr_i[0]                                                                             | design_1_i/axi_smc/inst/s00_entry_pipeline/s00_si_converter/inst/areset                                                                                                           |                4 |             10 |         2.50 |
|  design_1_i/zynq_ultra_ps_e_0/inst/pl_clk0 | design_1_i/axi_smc/inst/s00_entry_pipeline/s00_si_converter/inst/converter.low_area_converter.low_area_wrap_inst/w_resp_fifo/E[0]                                                                             | design_1_i/axi_smc/inst/s00_entry_pipeline/s00_si_converter/inst/areset                                                                                                           |                4 |             10 |         2.50 |
|  design_1_i/zynq_ultra_ps_e_0/inst/pl_clk0 | design_1_i/axi_smc/inst/s00_nodes/s00_b_node/inst/inst_mi_handler/gen_normal_area.inst_fifo_node_payld/gen_xpm_memory_fifo.inst_fifo/gen_mem_rep[0].inst_rd_addrb/rd_addrb_incr                               | design_1_i/axi_smc/inst/s00_nodes/s00_b_node/inst/inst_mi_handler/m_sc_areset_r                                                                                                   |                4 |             10 |         2.50 |
|  design_1_i/zynq_ultra_ps_e_0/inst/pl_clk0 |                                                                                                                                                                                                               | design_1_i/axi_fifo_mm_s_0/U0/COMP_IPIC2AXI_S/gtxd.COMP_TXD_FIFO/gfifo_gen.COMP_AXIS_FG_FIFO/sync_areset_n_reg_0[0]                                                               |                5 |             10 |         2.00 |
|  design_1_i/zynq_ultra_ps_e_0/inst/pl_clk0 | design_1_i/axi_smc/inst/s00_entry_pipeline/s00_si_converter/inst/converter.low_area_converter.low_area_wrap_inst/s_rvalid_i_i_1_n_0                                                                           | design_1_i/axi_smc/inst/s00_entry_pipeline/s00_si_converter/inst/areset                                                                                                           |                5 |             11 |         2.20 |
|  design_1_i/zynq_ultra_ps_e_0/inst/pl_clk0 | design_1_i/axi_smc/inst/s00_entry_pipeline/s00_si_converter/inst/converter.low_area_converter.low_area_wrap_inst/r_cnt[10]_i_1_n_0                                                                            | design_1_i/axi_smc/inst/s00_entry_pipeline/s00_si_converter/inst/areset                                                                                                           |                5 |             11 |         2.20 |
|  design_1_i/zynq_ultra_ps_e_0/inst/pl_clk0 |                                                                                                                                                                                                               | design_1_i/axi_fifo_mm_s_0/U0/COMP_IPIC2AXI_S/grxd.COMP_RX_FIFO/gfifo_gen.COMP_AXIS_FG_FIFO/COMP_FIFO/xpm_fifo_base_inst/xpm_fifo_rst_inst/gen_rst_cc.fifo_wr_rst_cc_reg[2]_0[0]  |                3 |             11 |         3.67 |
|  design_1_i/zynq_ultra_ps_e_0/inst/pl_clk0 | design_1_i/axi_smc/inst/m00_nodes/m00_b_node/inst/inst_mi_handler/gen_normal_area.inst_fifo_node_payld/gen_xpm_memory_fifo.inst_fifo/gen_mem_rep[0].inst_rd_addrb/rd_addrb_incr                               | design_1_i/axi_smc/inst/m00_nodes/m00_b_node/inst/inst_mi_handler/m_sc_areset_r                                                                                                   |                3 |             11 |         3.67 |
|  design_1_i/zynq_ultra_ps_e_0/inst/pl_clk0 | design_1_i/axi_smc/inst/m01_nodes/m01_b_node/inst/inst_mi_handler/gen_normal_area.inst_fifo_node_payld/gen_xpm_memory_fifo.inst_fifo/gen_mem_rep[0].inst_rd_addrb/rd_addrb_incr                               | design_1_i/axi_smc/inst/m01_nodes/m01_b_node/inst/inst_mi_handler/m_sc_areset_r                                                                                                   |                3 |             11 |         3.67 |
|  design_1_i/zynq_ultra_ps_e_0/inst/pl_clk0 | design_1_i/axi_smc/inst/m02_nodes/m02_b_node/inst/inst_mi_handler/gen_normal_area.inst_fifo_node_payld/gen_xpm_memory_fifo.inst_fifo/gen_mem_rep[0].inst_rd_addrb/rd_addrb_incr                               | design_1_i/axi_smc/inst/m02_nodes/m02_b_node/inst/inst_mi_handler/m_sc_areset_r                                                                                                   |                3 |             11 |         3.67 |
|  design_1_i/zynq_ultra_ps_e_0/inst/pl_clk0 |                                                                                                                                                                                                               | design_1_i/axi_fifo_mm_s_0/U0/COMP_IPIC2AXI_S/gtxd.COMP_TXD_FIFO/gfifo_gen.COMP_AXIS_FG_FIFO/COMP_FIFO/xpm_fifo_base_inst/xpm_fifo_rst_inst/gen_rst_cc.fifo_wr_rst_cc_reg[2]_1[0] |                2 |             11 |         5.50 |
|  design_1_i/zynq_ultra_ps_e_0/inst/pl_clk0 |                                                                                                                                                                                                               | design_1_i/axi_fifo_mm_s_0/U0/COMP_IPIC2AXI_S/gtxd.COMP_TXD_FIFO/gfifo_gen.COMP_AXIS_FG_FIFO/SS[0]                                                                                |                3 |             11 |         3.67 |
|  design_1_i/zynq_ultra_ps_e_0/inst/pl_clk0 | design_1_i/axi_smc/inst/m00_nodes/m00_aw_node/inst/inst_mi_handler/inst_ingress/inst_pipeline_valid/ingress_valid                                                                                             | design_1_i/axi_smc/inst/m00_nodes/m00_aw_node/inst/inst_mi_handler/areset_r                                                                                                       |                2 |             12 |         6.00 |
|  design_1_i/zynq_ultra_ps_e_0/inst/pl_clk0 | design_1_i/axi_smc/inst/m01_nodes/m01_ar_node/inst/inst_mi_handler/inst_ingress/inst_pipeline_valid/ingress_valid                                                                                             | design_1_i/axi_smc/inst/m01_nodes/m01_ar_node/inst/inst_mi_handler/areset_r                                                                                                       |                4 |             12 |         3.00 |
|  design_1_i/zynq_ultra_ps_e_0/inst/pl_clk0 | design_1_i/axi_smc/inst/s00_nodes/s00_b_node/inst/inst_mi_handler/inst_ingress/inst_pipeline_valid/ingress_valid                                                                                              | design_1_i/axi_smc/inst/s00_nodes/s00_b_node/inst/inst_mi_handler/areset_r                                                                                                        |                3 |             12 |         4.00 |
|  design_1_i/zynq_ultra_ps_e_0/inst/pl_clk0 | design_1_i/axi_smc/inst/m02_nodes/m02_w_node/inst/inst_si_handler/s_sc_valid                                                                                                                                  | design_1_i/axi_smc/inst/m02_nodes/m02_w_node/inst/inst_mi_handler/areset_r                                                                                                        |                3 |             12 |         4.00 |
|  design_1_i/zynq_ultra_ps_e_0/inst/pl_clk0 | design_1_i/axi_smc/inst/m00_nodes/m00_ar_node/inst/inst_si_handler/s_sc_valid                                                                                                                                 | design_1_i/axi_smc/inst/m00_nodes/m00_ar_node/inst/inst_mi_handler/areset_r                                                                                                       |                4 |             12 |         3.00 |
|  design_1_i/zynq_ultra_ps_e_0/inst/pl_clk0 | design_1_i/axi_smc/inst/m00_nodes/m00_ar_node/inst/inst_mi_handler/inst_ingress/inst_pipeline_valid/ingress_valid                                                                                             | design_1_i/axi_smc/inst/m00_nodes/m00_ar_node/inst/inst_mi_handler/areset_r                                                                                                       |                4 |             12 |         3.00 |
|  design_1_i/zynq_ultra_ps_e_0/inst/pl_clk0 | design_1_i/axi_smc/inst/s00_entry_pipeline/s00_si_converter/inst/converter.low_area_converter.low_area_wrap_inst/conv_addr_i[11]_i_1_n_0                                                                      | design_1_i/axi_smc/inst/s00_entry_pipeline/s00_si_converter/inst/areset                                                                                                           |                7 |             12 |         1.71 |
|  design_1_i/zynq_ultra_ps_e_0/inst/pl_clk0 | design_1_i/axi_smc/inst/m00_nodes/m00_aw_node/inst/inst_si_handler/s_sc_valid                                                                                                                                 | design_1_i/axi_smc/inst/m00_nodes/m00_aw_node/inst/inst_mi_handler/areset_r                                                                                                       |                3 |             12 |         4.00 |
|  design_1_i/zynq_ultra_ps_e_0/inst/pl_clk0 | design_1_i/axi_smc/inst/m00_nodes/m00_w_node/inst/inst_si_handler/s_sc_valid                                                                                                                                  | design_1_i/axi_smc/inst/m00_nodes/m00_w_node/inst/inst_mi_handler/areset_r                                                                                                        |                2 |             12 |         6.00 |
|  design_1_i/zynq_ultra_ps_e_0/inst/pl_clk0 | design_1_i/axi_smc/inst/m00_nodes/m00_w_node/inst/inst_mi_handler/inst_ingress/inst_pipeline_valid/ingress_valid                                                                                              | design_1_i/axi_smc/inst/m00_nodes/m00_w_node/inst/inst_mi_handler/areset_r                                                                                                        |                4 |             12 |         3.00 |
|  design_1_i/zynq_ultra_ps_e_0/inst/pl_clk0 | design_1_i/axi_smc/inst/s00_entry_pipeline/s00_si_converter/inst/converter.low_area_converter.low_area_wrap_inst/conv_araddr[11]_i_1_n_0                                                                      | design_1_i/axi_smc/inst/s00_entry_pipeline/s00_si_converter/inst/areset                                                                                                           |                6 |             12 |         2.00 |
|  design_1_i/zynq_ultra_ps_e_0/inst/pl_clk0 | design_1_i/axi_smc/inst/s00_nodes/s00_r_node/inst/inst_mi_handler/inst_ingress/inst_pipeline_valid/ingress_valid                                                                                              | design_1_i/axi_smc/inst/s00_nodes/s00_r_node/inst/inst_mi_handler/areset_r                                                                                                        |                2 |             12 |         6.00 |
|  design_1_i/zynq_ultra_ps_e_0/inst/pl_clk0 | design_1_i/axi_smc/inst/s00_entry_pipeline/s00_si_converter/inst/converter.low_area_converter.low_area_wrap_inst/next_awaddr_i[0]                                                                             | design_1_i/axi_smc/inst/s00_entry_pipeline/s00_si_converter/inst/areset                                                                                                           |                2 |             12 |         6.00 |
|  design_1_i/zynq_ultra_ps_e_0/inst/pl_clk0 | design_1_i/axi_smc/inst/m02_nodes/m02_w_node/inst/inst_mi_handler/inst_ingress/inst_pipeline_valid/ingress_valid                                                                                              | design_1_i/axi_smc/inst/m02_nodes/m02_w_node/inst/inst_mi_handler/areset_r                                                                                                        |                4 |             12 |         3.00 |
|  design_1_i/zynq_ultra_ps_e_0/inst/pl_clk0 | design_1_i/axi_smc/inst/m01_nodes/m01_w_node/inst/inst_si_handler/s_sc_valid                                                                                                                                  | design_1_i/axi_smc/inst/m01_nodes/m01_w_node/inst/inst_mi_handler/areset_r                                                                                                        |                3 |             12 |         4.00 |
|  design_1_i/zynq_ultra_ps_e_0/inst/pl_clk0 | design_1_i/axi_smc/inst/m01_nodes/m01_w_node/inst/inst_mi_handler/inst_ingress/inst_pipeline_valid/ingress_valid                                                                                              | design_1_i/axi_smc/inst/m01_nodes/m01_w_node/inst/inst_mi_handler/areset_r                                                                                                        |                4 |             12 |         3.00 |
|  design_1_i/zynq_ultra_ps_e_0/inst/pl_clk0 | design_1_i/axi_smc/inst/m01_nodes/m01_aw_node/inst/inst_mi_handler/inst_ingress/inst_pipeline_valid/ingress_valid                                                                                             | design_1_i/axi_smc/inst/m01_nodes/m01_aw_node/inst/inst_mi_handler/areset_r                                                                                                       |                3 |             12 |         4.00 |
|  design_1_i/zynq_ultra_ps_e_0/inst/pl_clk0 | design_1_i/axi_smc/inst/s00_nodes/s00_b_node/inst/inst_si_handler/gen_si_handler.gen_arbiter_rr_normal_area.inst_arbiter/s_sc_valid                                                                           | design_1_i/axi_smc/inst/s00_nodes/s00_b_node/inst/inst_mi_handler/areset_r                                                                                                        |                4 |             12 |         3.00 |
|  design_1_i/zynq_ultra_ps_e_0/inst/pl_clk0 | design_1_i/axi_smc/inst/m02_nodes/m02_aw_node/inst/inst_si_handler/s_sc_valid                                                                                                                                 | design_1_i/axi_smc/inst/m02_nodes/m02_aw_node/inst/inst_mi_handler/areset_r                                                                                                       |                3 |             12 |         4.00 |
|  design_1_i/zynq_ultra_ps_e_0/inst/pl_clk0 | design_1_i/axi_smc/inst/m02_nodes/m02_aw_node/inst/inst_mi_handler/inst_ingress/inst_pipeline_valid/ingress_valid                                                                                             | design_1_i/axi_smc/inst/m02_nodes/m02_aw_node/inst/inst_mi_handler/areset_r                                                                                                       |                3 |             12 |         4.00 |
|  design_1_i/zynq_ultra_ps_e_0/inst/pl_clk0 | design_1_i/axi_smc/inst/s00_entry_pipeline/s00_si_converter/inst/converter.low_area_converter.low_area_wrap_inst/r_wrap_last_araddr[0]                                                                        | design_1_i/axi_smc/inst/s00_entry_pipeline/s00_si_converter/inst/areset                                                                                                           |                2 |             12 |         6.00 |
|  design_1_i/zynq_ultra_ps_e_0/inst/pl_clk0 | design_1_i/axi_smc/inst/m02_nodes/m02_aw_node/inst/inst_mi_handler/gen_normal_area.inst_fifo_node_payld/gen_xpm_memory_fifo.inst_fifo/gen_mem_rep[0].inst_rd_addrb/rd_addrb_incr                              | design_1_i/axi_smc/inst/m02_nodes/m02_aw_node/inst/inst_mi_handler/m_sc_areset_r                                                                                                  |                3 |             12 |         4.00 |
|  design_1_i/zynq_ultra_ps_e_0/inst/pl_clk0 | design_1_i/axi_smc/inst/s00_entry_pipeline/s00_si_converter/inst/converter.low_area_converter.low_area_wrap_inst/w_wrap_awaddr[0]                                                                             | design_1_i/axi_smc/inst/s00_entry_pipeline/s00_si_converter/inst/areset                                                                                                           |                7 |             12 |         1.71 |
|  design_1_i/zynq_ultra_ps_e_0/inst/pl_clk0 | design_1_i/axi_smc/inst/s00_nodes/s00_r_node/inst/inst_si_handler/gen_si_handler.gen_arbiter_rr_normal_area.inst_arbiter/s_sc_valid                                                                           | design_1_i/axi_smc/inst/s00_nodes/s00_r_node/inst/inst_mi_handler/areset_r                                                                                                        |                4 |             12 |         3.00 |
|  design_1_i/zynq_ultra_ps_e_0/inst/pl_clk0 | design_1_i/axi_smc/inst/m02_nodes/m02_ar_node/inst/inst_si_handler/s_sc_valid                                                                                                                                 | design_1_i/axi_smc/inst/m02_nodes/m02_ar_node/inst/inst_mi_handler/areset_r                                                                                                       |                3 |             12 |         4.00 |
|  design_1_i/zynq_ultra_ps_e_0/inst/pl_clk0 | design_1_i/axi_smc/inst/m02_nodes/m02_ar_node/inst/inst_mi_handler/inst_ingress/inst_pipeline_valid/ingress_valid                                                                                             | design_1_i/axi_smc/inst/m02_nodes/m02_ar_node/inst/inst_mi_handler/areset_r                                                                                                       |                3 |             12 |         4.00 |
|  design_1_i/zynq_ultra_ps_e_0/inst/pl_clk0 | design_1_i/axi_smc/inst/s00_entry_pipeline/s00_si_converter/inst/converter.low_area_converter.low_area_wrap_inst/w_wrap_last_awaddr[0]                                                                        | design_1_i/axi_smc/inst/s00_entry_pipeline/s00_si_converter/inst/areset                                                                                                           |                2 |             12 |         6.00 |
|  design_1_i/zynq_ultra_ps_e_0/inst/pl_clk0 | design_1_i/axi_smc/inst/m01_nodes/m01_aw_node/inst/inst_si_handler/s_sc_valid                                                                                                                                 | design_1_i/axi_smc/inst/m01_nodes/m01_aw_node/inst/inst_mi_handler/areset_r                                                                                                       |                3 |             12 |         4.00 |
|  design_1_i/zynq_ultra_ps_e_0/inst/pl_clk0 | design_1_i/axi_smc/inst/m01_nodes/m01_ar_node/inst/inst_si_handler/s_sc_valid                                                                                                                                 | design_1_i/axi_smc/inst/m01_nodes/m01_ar_node/inst/inst_mi_handler/areset_r                                                                                                       |                3 |             12 |         4.00 |
|  design_1_i/zynq_ultra_ps_e_0/inst/pl_clk0 | design_1_i/axi_smc/inst/m00_nodes/m00_aw_node/inst/inst_mi_handler/gen_normal_area.inst_fifo_node_payld/gen_xpm_memory_fifo.inst_fifo/gen_mem_rep[0].inst_rd_addrb/rd_addrb_incr                              | design_1_i/axi_smc/inst/m00_nodes/m00_aw_node/inst/inst_mi_handler/m_sc_areset_r                                                                                                  |                3 |             14 |         4.67 |
|  design_1_i/zynq_ultra_ps_e_0/inst/pl_clk0 | design_1_i/axi_smc/inst/s00_entry_pipeline/s00_si_converter/inst/converter.low_area_converter.low_area_wrap_inst/max_read_bytes[0]                                                                            | design_1_i/axi_smc/inst/s00_entry_pipeline/s00_si_converter/inst/areset                                                                                                           |                7 |             15 |         2.14 |
|  design_1_i/zynq_ultra_ps_e_0/inst/pl_clk0 | design_1_i/axi_smc/inst/m00_nodes/m00_aw_node/inst/inst_mi_handler/gen_normal_area.inst_fifo_node_payld/gen_xpm_memory_fifo.inst_fifo/wr_wea                                                                  |                                                                                                                                                                                   |                1 |             16 |        16.00 |
|  design_1_i/zynq_ultra_ps_e_0/inst/pl_clk0 | design_1_i/axi_smc/inst/m00_nodes/m00_b_node/inst/inst_mi_handler/gen_normal_area.inst_fifo_node_payld/gen_xpm_memory_fifo.inst_fifo/wr_wea                                                                   |                                                                                                                                                                                   |                1 |             16 |        16.00 |
|  design_1_i/zynq_ultra_ps_e_0/inst/pl_clk0 | design_1_i/axi_smc/inst/m02_nodes/m02_b_node/inst/inst_mi_handler/gen_normal_area.inst_fifo_node_payld/gen_xpm_memory_fifo.inst_fifo/wr_wea                                                                   |                                                                                                                                                                                   |                1 |             16 |        16.00 |
|  design_1_i/zynq_ultra_ps_e_0/inst/pl_clk0 | design_1_i/axi_fifo_mm_s_0/U0/COMP_IPIC2AXI_S/grxd.COMP_rx_len_fifo/xpm_fifo_base_inst/xpm_fifo_rst_inst/ram_wr_en_i                                                                                          | design_1_i/axi_fifo_mm_s_0/U0/COMP_IPIC2AXI_S/grxd.COMP_rx_len_fifo/xpm_fifo_base_inst/xpm_fifo_rst_inst/Q[0]                                                                     |                4 |             16 |         4.00 |
|  design_1_i/zynq_ultra_ps_e_0/inst/pl_clk0 | design_1_i/axi_smc/inst/s00_entry_pipeline/s00_mmu/inst/gen_endpoint.decerr_slave_inst/gen_axi.gen_write.s_axi_bid_i[15]_i_1_n_0                                                                              | design_1_i/axi_smc/inst/s00_entry_pipeline/s00_mmu/inst/areset                                                                                                                    |                5 |             16 |         3.20 |
|  design_1_i/zynq_ultra_ps_e_0/inst/pl_clk0 |                                                                                                                                                                                                               | design_1_i/axi_smc/inst/s00_entry_pipeline/s00_mmu/inst/areset                                                                                                                    |               12 |             16 |         1.33 |
|  design_1_i/zynq_ultra_ps_e_0/inst/pl_clk0 | design_1_i/axi_smc/inst/s00_entry_pipeline/s00_mmu/inst/b_sreg/skid_buffer[1039]_i_1__0_n_0                                                                                                                   |                                                                                                                                                                                   |                6 |             16 |         2.67 |
|  design_1_i/zynq_ultra_ps_e_0/inst/pl_clk0 | design_1_i/axi_fifo_mm_s_0/U0/COMP_IPIC2AXI_S/grxd.COMP_rx_len_fifo/xpm_fifo_base_inst/rdpp1_inst/FSM_sequential_gen_fwft.curr_fwft_state_reg[1]                                                              | design_1_i/axi_fifo_mm_s_0/U0/COMP_IPIC2AXI_S/grxd.COMP_rx_len_fifo/xpm_fifo_base_inst/xpm_fifo_rst_inst/Q[0]                                                                     |                7 |             16 |         2.29 |
|  design_1_i/zynq_ultra_ps_e_0/inst/pl_clk0 | design_1_i/axi_smc/inst/m02_nodes/m02_aw_node/inst/inst_mi_handler/gen_normal_area.inst_fifo_node_payld/gen_xpm_memory_fifo.inst_fifo/wr_wea                                                                  |                                                                                                                                                                                   |                1 |             16 |        16.00 |
|  design_1_i/zynq_ultra_ps_e_0/inst/pl_clk0 | design_1_i/axi_smc/inst/m01_nodes/m01_b_node/inst/inst_mi_handler/gen_normal_area.inst_fifo_node_payld/gen_xpm_memory_fifo.inst_fifo/wr_wea                                                                   |                                                                                                                                                                                   |                1 |             16 |        16.00 |
|  design_1_i/zynq_ultra_ps_e_0/inst/pl_clk0 | design_1_i/axi_smc/inst/s00_entry_pipeline/s00_mmu/inst/gen_endpoint.decerr_slave_inst/gen_axi.gen_read.s_axi_rid_i[0]                                                                                        | design_1_i/axi_smc/inst/s00_entry_pipeline/s00_mmu/inst/areset                                                                                                                    |                7 |             16 |         2.29 |
|  design_1_i/zynq_ultra_ps_e_0/inst/pl_clk0 | design_1_i/axi_fifo_mm_s_0/U0/COMP_IPIF/I_SLAVE_ATTACHMENT/I_DECODER/GEN_BKEND_CE_REGISTERS[3].ce_out_i_reg[3]_0[0]                                                                                           | design_1_i/rst_ps8_0_99M/U0/peripheral_aresetn[0]                                                                                                                                 |                6 |             17 |         2.83 |
|  design_1_i/zynq_ultra_ps_e_0/inst/pl_clk0 | design_1_i/axi_smc/inst/s00_entry_pipeline/s00_mmu/inst/r_sreg/skid_buffer[1058]_i_1_n_0                                                                                                                      |                                                                                                                                                                                   |                8 |             17 |         2.12 |
|  design_1_i/zynq_ultra_ps_e_0/inst/pl_clk0 | design_1_i/axi_smc/inst/s00_entry_pipeline/s00_transaction_regulator/inst/gen_endpoint.gen_w_multithread.w_multithread/allocate_queue/gen_pipelined.mesg_reg_reg[3]_0                                         |                                                                                                                                                                                   |               11 |             18 |         1.64 |
|  design_1_i/zynq_ultra_ps_e_0/inst/pl_clk0 | design_1_i/axi_smc/inst/s00_entry_pipeline/s00_transaction_regulator/inst/gen_endpoint.gen_w_multithread.w_multithread/allocate_queue/active_target[0]                                                        |                                                                                                                                                                                   |                9 |             18 |         2.00 |
|  design_1_i/zynq_ultra_ps_e_0/inst/pl_clk0 | design_1_i/axi_smc/inst/s00_entry_pipeline/s00_transaction_regulator/inst/gen_endpoint.gen_w_multithread.w_multithread/allocate_queue/gen_pipelined.mesg_reg_reg[2]_0                                         |                                                                                                                                                                                   |                9 |             18 |         2.00 |
|  design_1_i/zynq_ultra_ps_e_0/inst/pl_clk0 | design_1_i/axi_smc/inst/s00_entry_pipeline/s00_mmu/inst/b_sreg/m_vector_i[0]                                                                                                                                  |                                                                                                                                                                                   |                7 |             18 |         2.57 |
|  design_1_i/zynq_ultra_ps_e_0/inst/pl_clk0 | design_1_i/axi_smc/inst/s00_entry_pipeline/s00_transaction_regulator/inst/gen_endpoint.gen_r_multithread.r_multithread/cmd_reg/gen_pipelined.mesg_reg_reg[3]                                                  |                                                                                                                                                                                   |               11 |             18 |         1.64 |
|  design_1_i/zynq_ultra_ps_e_0/inst/pl_clk0 | design_1_i/axi_smc/inst/s00_entry_pipeline/s00_transaction_regulator/inst/gen_endpoint.gen_r_multithread.r_multithread/cmd_reg/gen_pipelined.mesg_reg_reg[1]                                                  |                                                                                                                                                                                   |               12 |             18 |         1.50 |
|  design_1_i/zynq_ultra_ps_e_0/inst/pl_clk0 | design_1_i/axi_smc/inst/s00_entry_pipeline/s00_transaction_regulator/inst/gen_endpoint.gen_r_multithread.r_multithread/cmd_reg/gen_pipelined.mesg_reg_reg[2]                                                  |                                                                                                                                                                                   |               11 |             18 |         1.64 |
|  design_1_i/zynq_ultra_ps_e_0/inst/pl_clk0 | design_1_i/axi_smc/inst/s00_entry_pipeline/s00_transaction_regulator/inst/gen_endpoint.gen_r_multithread.r_multithread/cmd_reg/active_target[0]                                                               |                                                                                                                                                                                   |               12 |             18 |         1.50 |
|  design_1_i/zynq_ultra_ps_e_0/inst/pl_clk0 | design_1_i/axi_smc/inst/s00_entry_pipeline/s00_transaction_regulator/inst/gen_endpoint.gen_w_multithread.w_multithread/allocate_queue/gen_pipelined.mesg_reg_reg[1]_0                                         |                                                                                                                                                                                   |               11 |             18 |         1.64 |
|  design_1_i/zynq_ultra_ps_e_0/inst/pl_clk0 |                                                                                                                                                                                                               | design_1_i/axi_smc/inst/s00_entry_pipeline/s00_si_converter/inst/areset                                                                                                           |               15 |             19 |         1.27 |
|  design_1_i/zynq_ultra_ps_e_0/inst/pl_clk0 |                                                                                                                                                                                                               | design_1_i/axi_smc/inst/m02_exit_pipeline/m02_exit/inst/areset                                                                                                                    |               13 |             19 |         1.46 |
|  design_1_i/zynq_ultra_ps_e_0/inst/pl_clk0 | design_1_i/axi_fifo_mm_s_0/U0/COMP_IPIC2AXI_S/grxd.COMP_RX_FIFO/gfifo_gen.COMP_AXIS_FG_FIFO/grxd.rx_str_wr_en                                                                                                 | design_1_i/axi_fifo_mm_s_0/U0/COMP_IPIC2AXI_S/grxd.COMP_RX_FIFO/gfifo_gen.COMP_AXIS_FG_FIFO/grxd.rx_len_wr_en_reg                                                                 |                4 |             19 |         4.75 |
|  design_1_i/zynq_ultra_ps_e_0/inst/pl_clk0 |                                                                                                                                                                                                               | design_1_i/axi_smc/inst/m00_exit_pipeline/m00_exit/inst/areset                                                                                                                    |               12 |             20 |         1.67 |
|  design_1_i/zynq_ultra_ps_e_0/inst/pl_clk0 | design_1_i/axi_fifo_mm_s_0/U0/COMP_IPIC2AXI_S/grxd.COMP_rx_len_fifo/xpm_fifo_base_inst/gen_fwft.ram_regout_en                                                                                                 | design_1_i/axi_fifo_mm_s_0/U0/COMP_IPIC2AXI_S/grxd.COMP_rx_len_fifo/xpm_fifo_base_inst/xpm_fifo_rst_inst/Q[0]                                                                     |                7 |             20 |         2.86 |
|  design_1_i/zynq_ultra_ps_e_0/inst/pl_clk0 | design_1_i/axi_fifo_mm_s_0/U0/COMP_IPIC2AXI_S/grxd.COMP_RX_FIFO/gfifo_gen.COMP_AXIS_FG_FIFO/COMP_FIFO/xpm_fifo_base_inst/xpm_fifo_rst_inst/ram_wr_en_pf                                                       | design_1_i/axi_fifo_mm_s_0/U0/COMP_IPIC2AXI_S/grxd.COMP_RX_FIFO/gfifo_gen.COMP_AXIS_FG_FIFO/COMP_FIFO/xpm_fifo_base_inst/xpm_fifo_rst_inst/Q[0]                                   |                5 |             21 |         4.20 |
|  design_1_i/zynq_ultra_ps_e_0/inst/pl_clk0 | design_1_i/axi_smc/inst/m02_nodes/m02_ar_node/inst/inst_mi_handler/gen_normal_area.inst_fifo_node_payld/gen_xpm_memory_fifo.inst_fifo/gen_mem_rep[0].inst_rd_addrb/rd_addrb_incr                              | design_1_i/axi_smc/inst/m02_nodes/m02_ar_node/inst/inst_mi_handler/m_sc_areset_r                                                                                                  |                4 |             21 |         5.25 |
|  design_1_i/zynq_ultra_ps_e_0/inst/pl_clk0 | design_1_i/axi_fifo_mm_s_0/U0/COMP_IPIC2AXI_S/gtxd.COMP_TXD_FIFO/gfifo_gen.COMP_AXIS_FG_FIFO/COMP_FIFO/xpm_fifo_base_inst/rdp_inst/FSM_sequential_gen_fwft.curr_fwft_state_reg[1]                             | design_1_i/axi_fifo_mm_s_0/U0/COMP_IPIC2AXI_S/gtxd.COMP_TXD_FIFO/gfifo_gen.COMP_AXIS_FG_FIFO/COMP_FIFO/xpm_fifo_base_inst/xpm_fifo_rst_inst/gen_rst_cc.fifo_wr_rst_cc_reg[2]_0[0] |                6 |             21 |         3.50 |
|  design_1_i/zynq_ultra_ps_e_0/inst/pl_clk0 | design_1_i/axi_fifo_mm_s_0/U0/COMP_IPIC2AXI_S/grxd.COMP_RX_FIFO/gfifo_gen.COMP_AXIS_FG_FIFO/COMP_FIFO/xpm_fifo_base_inst/rdp_inst/FSM_sequential_gen_fwft.curr_fwft_state_reg[1]                              | design_1_i/axi_fifo_mm_s_0/U0/COMP_IPIC2AXI_S/grxd.COMP_RX_FIFO/gfifo_gen.COMP_AXIS_FG_FIFO/COMP_FIFO/xpm_fifo_base_inst/xpm_fifo_rst_inst/Q[0]                                   |                6 |             21 |         3.50 |
|  design_1_i/zynq_ultra_ps_e_0/inst/pl_clk0 | design_1_i/axi_fifo_mm_s_0/U0/COMP_IPIF/I_SLAVE_ATTACHMENT/start2_reg_0                                                                                                                                       | design_1_i/axi_fifo_mm_s_0/U0/COMP_IPIC2AXI_S/cs_ce_clr                                                                                                                           |                6 |             21 |         3.50 |
|  design_1_i/zynq_ultra_ps_e_0/inst/pl_clk0 | design_1_i/axi_smc/inst/m00_nodes/m00_ar_node/inst/inst_mi_handler/gen_normal_area.inst_fifo_node_payld/gen_xpm_memory_fifo.inst_fifo/gen_mem_rep[0].inst_rd_addrb/rd_addrb_incr                              | design_1_i/axi_smc/inst/m00_nodes/m00_ar_node/inst/inst_mi_handler/m_sc_areset_r                                                                                                  |                5 |             23 |         4.60 |
|  design_1_i/zynq_ultra_ps_e_0/inst/pl_clk0 | design_1_i/axi_smc/inst/s00_entry_pipeline/s00_si_converter/inst/converter.low_area_converter.low_area_wrap_inst/conv_size[0]                                                                                 | design_1_i/axi_smc/inst/s00_entry_pipeline/s00_si_converter/inst/areset                                                                                                           |                9 |             23 |         2.56 |
|  design_1_i/zynq_ultra_ps_e_0/inst/pl_clk0 | design_1_i/axi_fifo_mm_s_0/U0/COMP_IPIC2AXI_S/grxd.COMP_rx_len_fifo/xpm_fifo_base_inst/gen_sdpram.xpm_memory_base_inst/gen_wr_a.gen_word_narrow.mem_reg_64_127_7_13_i_1_n_0                                   |                                                                                                                                                                                   |                3 |             24 |         8.00 |
|  design_1_i/zynq_ultra_ps_e_0/inst/pl_clk0 | design_1_i/axi_smc/inst/s00_nodes/s00_ar_node/inst/inst_si_handler/s_sc_valid                                                                                                                                 | design_1_i/axi_smc/inst/s00_nodes/s00_ar_node/inst/inst_mi_handler/areset_r                                                                                                       |                6 |             24 |         4.00 |
|  design_1_i/zynq_ultra_ps_e_0/inst/pl_clk0 | design_1_i/axi_smc/inst/m01_nodes/m01_r_node/inst/inst_si_handler/s_sc_valid                                                                                                                                  | design_1_i/axi_smc/inst/m01_nodes/m01_r_node/inst/inst_mi_handler/areset_r                                                                                                        |                4 |             24 |         6.00 |
|  design_1_i/zynq_ultra_ps_e_0/inst/pl_clk0 | design_1_i/axi_smc/inst/m02_nodes/m02_r_node/inst/inst_si_handler/s_sc_valid                                                                                                                                  | design_1_i/axi_smc/inst/m02_nodes/m02_r_node/inst/inst_mi_handler/areset_r                                                                                                        |                6 |             24 |         4.00 |
|  design_1_i/zynq_ultra_ps_e_0/inst/pl_clk0 | design_1_i/axi_fifo_mm_s_0/U0/COMP_IPIC2AXI_S/grxd.COMP_rx_len_fifo/xpm_fifo_base_inst/gen_sdpram.xpm_memory_base_inst/gen_wr_a.gen_word_narrow.mem_reg_128_191_7_13_i_1_n_0                                  |                                                                                                                                                                                   |                3 |             24 |         8.00 |
|  design_1_i/zynq_ultra_ps_e_0/inst/pl_clk0 | design_1_i/axi_smc/inst/s00_nodes/s00_w_node/inst/inst_si_handler/s_sc_valid                                                                                                                                  | design_1_i/axi_smc/inst/s00_nodes/s00_w_node/inst/inst_mi_handler/areset_r                                                                                                        |                6 |             24 |         4.00 |
|  design_1_i/zynq_ultra_ps_e_0/inst/pl_clk0 | design_1_i/axi_fifo_mm_s_0/U0/COMP_IPIC2AXI_S/grxd.COMP_rx_len_fifo/xpm_fifo_base_inst/gen_sdpram.xpm_memory_base_inst/gen_wr_a.gen_word_narrow.mem_reg_0_63_7_13_i_1_n_0                                     |                                                                                                                                                                                   |                3 |             24 |         8.00 |
|  design_1_i/zynq_ultra_ps_e_0/inst/pl_clk0 | design_1_i/axi_smc/inst/m02_nodes/m02_b_node/inst/inst_si_handler/s_sc_valid                                                                                                                                  | design_1_i/axi_smc/inst/m02_nodes/m02_b_node/inst/inst_mi_handler/areset_r                                                                                                        |                8 |             24 |         3.00 |
|  design_1_i/zynq_ultra_ps_e_0/inst/pl_clk0 | design_1_i/axi_smc/inst/m00_nodes/m00_r_node/inst/inst_si_handler/s_sc_valid                                                                                                                                  | design_1_i/axi_smc/inst/m00_nodes/m00_r_node/inst/inst_mi_handler/areset_r                                                                                                        |                5 |             24 |         4.80 |
|  design_1_i/zynq_ultra_ps_e_0/inst/pl_clk0 | design_1_i/axi_smc/inst/s00_nodes/s00_aw_node/inst/inst_si_handler/s_sc_valid                                                                                                                                 | design_1_i/axi_smc/inst/s00_nodes/s00_aw_node/inst/inst_mi_handler/areset_r                                                                                                       |                5 |             24 |         4.80 |
|  design_1_i/zynq_ultra_ps_e_0/inst/pl_clk0 | design_1_i/axi_smc/inst/m00_nodes/m00_b_node/inst/inst_si_handler/s_sc_valid                                                                                                                                  | design_1_i/axi_smc/inst/m00_nodes/m00_b_node/inst/inst_mi_handler/areset_r                                                                                                        |                5 |             24 |         4.80 |
|  design_1_i/zynq_ultra_ps_e_0/inst/pl_clk0 | design_1_i/axi_smc/inst/m01_nodes/m01_b_node/inst/inst_si_handler/s_sc_valid                                                                                                                                  | design_1_i/axi_smc/inst/m01_nodes/m01_b_node/inst/inst_mi_handler/areset_r                                                                                                        |                5 |             24 |         4.80 |
|  design_1_i/zynq_ultra_ps_e_0/inst/pl_clk0 | design_1_i/axi_fifo_mm_s_0/U0/COMP_IPIC2AXI_S/grxd.COMP_rx_len_fifo/xpm_fifo_base_inst/gen_sdpram.xpm_memory_base_inst/gen_wr_a.gen_word_narrow.mem_reg_192_255_7_13_i_1_n_0                                  |                                                                                                                                                                                   |                3 |             24 |         8.00 |
|  design_1_i/zynq_ultra_ps_e_0/inst/pl_clk0 | design_1_i/axi_fifo_mm_s_0/U0/COMP_IPIC2AXI_S/gtxd.COMP_TXD_FIFO/gfifo_gen.COMP_AXIS_FG_FIFO/COMP_FIFO/xpm_fifo_base_inst/xpm_fifo_rst_inst/ram_wr_en_pf                                                      | design_1_i/axi_fifo_mm_s_0/U0/COMP_IPIC2AXI_S/gtxd.COMP_TXD_FIFO/gfifo_gen.COMP_AXIS_FG_FIFO/COMP_FIFO/xpm_fifo_base_inst/xpm_fifo_rst_inst/gen_rst_cc.fifo_wr_rst_cc_reg[2]_0[0] |                9 |             31 |         3.44 |
|  design_1_i/zynq_ultra_ps_e_0/inst/pl_clk0 | design_1_i/axi_fifo_mm_s_0/U0/gaxif.COMP_AXI4/axi_wr_fsm/axi_wr_fsm/sig_axi_wr_en                                                                                                                             | design_1_i/axi_fifo_mm_s_0/U0/COMP_IPIC2AXI_S/gtxd.sig_txd_packet_size[0]_i_1_n_0                                                                                                 |                4 |             31 |         7.75 |
|  design_1_i/zynq_ultra_ps_e_0/inst/pl_clk0 | design_1_i/axi_smc/inst/s00_entry_pipeline/s00_si_converter/inst/converter.low_area_converter.low_area_wrap_inst/r_burst_bytes[0]                                                                             | design_1_i/axi_smc/inst/s00_entry_pipeline/s00_si_converter/inst/areset                                                                                                           |               11 |             31 |         2.82 |
|  design_1_i/zynq_ultra_ps_e_0/inst/pl_clk0 | design_1_i/axi_timer_0/U0/TC_CORE_I/TIMER_CONTROL_I/syncstages_ff_reg[3]                                                                                                                                      | design_1_i/rst_ps8_0_99M/U0/peripheral_aresetn[0]                                                                                                                                 |                9 |             32 |         3.56 |
|  design_1_i/zynq_ultra_ps_e_0/inst/pl_clk0 | design_1_i/axi_smc/inst/m02_exit_pipeline/m02_exit/inst/splitter_inst/gen_axi4lite.axilite_conv/s_axi_rdata_i[31]_i_1_n_0                                                                                     | design_1_i/axi_smc/inst/m02_exit_pipeline/m02_exit/inst/areset                                                                                                                    |                7 |             32 |         4.57 |
|  design_1_i/zynq_ultra_ps_e_0/inst/pl_clk0 | design_1_i/axi_smc/inst/m00_exit_pipeline/m00_exit/inst/w_reg/m_vector_i[0]                                                                                                                                   |                                                                                                                                                                                   |                6 |             32 |         5.33 |
|  design_1_i/zynq_ultra_ps_e_0/inst/pl_clk0 | design_1_i/axi_smc/inst/m00_exit_pipeline/m00_exit/inst/w_reg/skid_buffer[2052]_i_1_n_0                                                                                                                       |                                                                                                                                                                                   |                9 |             32 |         3.56 |
|  design_1_i/zynq_ultra_ps_e_0/inst/pl_clk0 | design_1_i/axi_timer_0/U0/AXI4_LITE_I/I_SLAVE_ATTACHMENT/s_axi_rresp_i[0]                                                                                                                                     | design_1_i/axi_timer_0/U0/AXI4_LITE_I/I_SLAVE_ATTACHMENT/rst                                                                                                                      |               32 |             32 |         1.00 |
|  design_1_i/zynq_ultra_ps_e_0/inst/pl_clk0 | design_1_i/axi_fifo_mm_s_0/U0/COMP_IPIC2AXI_S/gtxd.COMP_TXD_FIFO/gfifo_gen.COMP_AXIS_FG_FIFO/COMP_FIFO/gaxis_pkt_fifo_cc.axis_pkt_cnt[0]_i_1_n_0                                                              | design_1_i/axi_fifo_mm_s_0/U0/COMP_IPIC2AXI_S/gtxd.COMP_TXD_FIFO/gfifo_gen.COMP_AXIS_FG_FIFO/COMP_FIFO/gaxis_rst_sync.xpm_cdc_sync_rst_inst/syncstages_ff[3]                      |                4 |             32 |         8.00 |
|  design_1_i/zynq_ultra_ps_e_0/inst/pl_clk0 | design_1_i/axi_timer_0/U0/TC_CORE_I/TIMER_CONTROL_I/CE                                                                                                                                                        | design_1_i/rst_ps8_0_99M/U0/peripheral_aresetn[0]                                                                                                                                 |               10 |             32 |         3.20 |
|  design_1_i/zynq_ultra_ps_e_0/inst/pl_clk0 | design_1_i/axi_smc/inst/m02_nodes/m02_ar_node/inst/inst_mi_handler/gen_normal_area.inst_fifo_node_payld/gen_xpm_memory_fifo.inst_fifo/wr_wea                                                                  |                                                                                                                                                                                   |                2 |             32 |        16.00 |
|  design_1_i/zynq_ultra_ps_e_0/inst/pl_clk0 | design_1_i/axi_smc/inst/m02_exit_pipeline/m02_exit/inst/w_reg/m_vector_i[0]                                                                                                                                   |                                                                                                                                                                                   |                8 |             32 |         4.00 |
|  design_1_i/zynq_ultra_ps_e_0/inst/pl_clk0 | design_1_i/axi_smc/inst/m02_exit_pipeline/m02_exit/inst/r_reg/skid_buffer[1090]_i_1_n_0                                                                                                                       |                                                                                                                                                                                   |               11 |             32 |         2.91 |
|  design_1_i/zynq_ultra_ps_e_0/inst/pl_clk0 | design_1_i/axi_smc/inst/m02_exit_pipeline/m02_exit/inst/r_reg/m_vector_i[0]                                                                                                                                   |                                                                                                                                                                                   |                7 |             32 |         4.57 |
|  design_1_i/zynq_ultra_ps_e_0/inst/pl_clk0 | design_1_i/axi_fifo_mm_s_0/U0/gaxif.COMP_AXI4/axi_wr_fsm/axi_wr_fsm/s_axi4_wvalid_1[0]                                                                                                                        | design_1_i/axi_fifo_mm_s_0/U0/COMP_IPIC2AXI_S/gtxd.COMP_TXD_FIFO/gfifo_gen.COMP_AXIS_FG_FIFO/SS[0]                                                                                |                5 |             32 |         6.40 |
|  design_1_i/zynq_ultra_ps_e_0/inst/pl_clk0 | design_1_i/axi_smc/inst/m00_exit_pipeline/m00_exit/inst/splitter_inst/gen_axi4lite.axilite_conv/s_axi_rdata_i[31]_i_1_n_0                                                                                     | design_1_i/axi_smc/inst/m00_exit_pipeline/m00_exit/inst/areset                                                                                                                    |                5 |             32 |         6.40 |
|  design_1_i/zynq_ultra_ps_e_0/inst/pl_clk0 | design_1_i/axi_smc/inst/m02_exit_pipeline/m02_exit/inst/w_reg/skid_buffer[2052]_i_1_n_0                                                                                                                       |                                                                                                                                                                                   |                8 |             32 |         4.00 |
|  design_1_i/zynq_ultra_ps_e_0/inst/pl_clk0 | design_1_i/axi_smc/inst/m01_exit_pipeline/m01_exit/inst/r_reg/skid_buffer[1090]_i_1_n_0                                                                                                                       |                                                                                                                                                                                   |                6 |             33 |         5.50 |
|  design_1_i/zynq_ultra_ps_e_0/inst/pl_clk0 | design_1_i/axi_fifo_mm_s_0/U0/COMP_IPIF/I_SLAVE_ATTACHMENT/s_axi_rresp_i[0]                                                                                                                                   | design_1_i/axi_fifo_mm_s_0/U0/COMP_IPIF/I_SLAVE_ATTACHMENT/rst_0                                                                                                                  |                7 |             33 |         4.71 |
|  design_1_i/zynq_ultra_ps_e_0/inst/pl_clk0 | design_1_i/axi_smc/inst/m00_exit_pipeline/m00_exit/inst/r_reg/m_vector_i[0]                                                                                                                                   |                                                                                                                                                                                   |                9 |             33 |         3.67 |
|  design_1_i/zynq_ultra_ps_e_0/inst/pl_clk0 | design_1_i/axi_smc/inst/m01_exit_pipeline/m01_exit/inst/r_reg/m_vector_i[0]                                                                                                                                   |                                                                                                                                                                                   |                6 |             33 |         5.50 |
|  design_1_i/zynq_ultra_ps_e_0/inst/pl_clk0 | design_1_i/axi_smc/inst/m00_exit_pipeline/m00_exit/inst/r_reg/skid_buffer[1090]_i_1_n_0                                                                                                                       |                                                                                                                                                                                   |                7 |             33 |         4.71 |
|  design_1_i/zynq_ultra_ps_e_0/inst/pl_clk0 | design_1_i/axi_smc/inst/s00_entry_pipeline/s00_mmu/inst/r_sreg/skid_buffer[1058]_i_1_n_0                                                                                                                      | design_1_i/axi_smc/inst/s00_entry_pipeline/s00_mmu/inst/r_sreg/skid_buffer[1088]_i_1_n_0                                                                                          |               10 |             34 |         3.40 |
|  design_1_i/zynq_ultra_ps_e_0/inst/pl_clk0 |                                                                                                                                                                                                               | design_1_i/axi_fifo_mm_s_0/U0/COMP_IPIF/I_SLAVE_ATTACHMENT/I_DECODER/MEM_DECODE_GEN[0].cs_out_i_reg[0]_1                                                                          |               14 |             35 |         2.50 |
|  design_1_i/zynq_ultra_ps_e_0/inst/pl_clk0 | design_1_i/axi_smc/inst/m01_exit_pipeline/m01_exit/inst/w_reg/m_vector_i[0]                                                                                                                                   |                                                                                                                                                                                   |                5 |             36 |         7.20 |
|  design_1_i/zynq_ultra_ps_e_0/inst/pl_clk0 | design_1_i/axi_smc/inst/m01_exit_pipeline/m01_exit/inst/w_reg/skid_buffer[2052]_i_1_n_0                                                                                                                       |                                                                                                                                                                                   |                5 |             36 |         7.20 |
|  design_1_i/zynq_ultra_ps_e_0/inst/pl_clk0 | design_1_i/axi_smc/inst/s00_entry_pipeline/s00_mmu/inst/w_sreg/m_vector_i[0]                                                                                                                                  |                                                                                                                                                                                   |               10 |             37 |         3.70 |
|  design_1_i/zynq_ultra_ps_e_0/inst/pl_clk0 | design_1_i/axi_smc/inst/s00_entry_pipeline/s00_mmu/inst/w_sreg/skid_buffer[2052]_i_1_n_0                                                                                                                      |                                                                                                                                                                                   |               10 |             37 |         3.70 |
|  design_1_i/zynq_ultra_ps_e_0/inst/pl_clk0 |                                                                                                                                                                                                               | design_1_i/rst_ps8_0_99M/U0/peripheral_aresetn[0]                                                                                                                                 |               18 |             39 |         2.17 |
|  design_1_i/zynq_ultra_ps_e_0/inst/pl_clk0 |                                                                                                                                                                                                               | design_1_i/axi_smc/inst/s00_entry_pipeline/s00_transaction_regulator/inst/areset                                                                                                  |               25 |             40 |         1.60 |
|  design_1_i/zynq_ultra_ps_e_0/inst/pl_clk0 | design_1_i/axi_smc/inst/s00_entry_pipeline/s00_si_converter/inst/converter.low_area_converter.low_area_wrap_inst/outstanding_awid[0]                                                                          | design_1_i/axi_smc/inst/s00_entry_pipeline/s00_si_converter/inst/areset                                                                                                           |               12 |             40 |         3.33 |
|  design_1_i/zynq_ultra_ps_e_0/inst/pl_clk0 | design_1_i/axi_smc/inst/m01_exit_pipeline/m01_exit/inst/aw_reg/m_vector_i[0]                                                                                                                                  |                                                                                                                                                                                   |                7 |             40 |         5.71 |
|  design_1_i/zynq_ultra_ps_e_0/inst/pl_clk0 | design_1_i/axi_smc/inst/m01_exit_pipeline/m01_exit/inst/ar_reg/skid_buffer[1144]_i_1_n_0                                                                                                                      |                                                                                                                                                                                   |                6 |             40 |         6.67 |
|  design_1_i/zynq_ultra_ps_e_0/inst/pl_clk0 | design_1_i/axi_smc/inst/m01_exit_pipeline/m01_exit/inst/aw_reg/skid_buffer[1144]_i_1__0_n_0                                                                                                                   |                                                                                                                                                                                   |                6 |             40 |         6.67 |
|  design_1_i/zynq_ultra_ps_e_0/inst/pl_clk0 | design_1_i/axi_smc/inst/m01_exit_pipeline/m01_exit/inst/ar_reg/m_vector_i[0]                                                                                                                                  |                                                                                                                                                                                   |                6 |             40 |         6.67 |
|  design_1_i/zynq_ultra_ps_e_0/inst/pl_clk0 | design_1_i/axi_smc/inst/m01_nodes/m01_w_node/inst/inst_mi_handler/gen_normal_area.inst_fifo_node_payld/gen_xpm_memory_fifo.inst_fifo/gen_mem_rep[0].inst_rd_addrb/rd_addrb_incr                               | design_1_i/axi_smc/inst/m01_nodes/m01_w_node/inst/inst_mi_handler/m_sc_areset_r                                                                                                   |                5 |             42 |         8.40 |
|  design_1_i/zynq_ultra_ps_e_0/inst/pl_clk0 |                                                                                                                                                                                                               | design_1_i/axi_fifo_mm_s_0/U0/COMP_IPIC2AXI_S/grxd.COMP_RX_FIFO/gfifo_gen.COMP_AXIS_FG_FIFO/COMP_FIFO/xpm_fifo_base_inst/xpm_fifo_rst_inst/Q[0]                                   |               10 |             43 |         4.30 |
|  design_1_i/zynq_ultra_ps_e_0/inst/pl_clk0 | design_1_i/axi_smc/inst/m02_nodes/m02_w_node/inst/inst_mi_handler/gen_normal_area.inst_fifo_node_payld/gen_xpm_memory_fifo.inst_fifo/gen_mem_rep[0].inst_rd_addrb/rd_addrb_incr                               | design_1_i/axi_smc/inst/m02_nodes/m02_w_node/inst/inst_mi_handler/m_sc_areset_r                                                                                                   |                5 |             43 |         8.60 |
|  design_1_i/zynq_ultra_ps_e_0/inst/pl_clk0 | design_1_i/axi_smc/inst/m00_nodes/m00_w_node/inst/inst_mi_handler/gen_normal_area.inst_fifo_node_payld/gen_xpm_memory_fifo.inst_fifo/gen_mem_rep[0].inst_rd_addrb/rd_addrb_incr                               | design_1_i/axi_smc/inst/m00_nodes/m00_w_node/inst/inst_mi_handler/m_sc_areset_r                                                                                                   |                5 |             43 |         8.60 |
|  design_1_i/zynq_ultra_ps_e_0/inst/pl_clk0 | design_1_i/axi_smc/inst/s00_nodes/s00_r_node/inst/inst_mi_handler/gen_normal_area.inst_fifo_node_payld/gen_xpm_memory_fifo.inst_fifo/gen_mem_rep[0].inst_rd_addrb/rd_addrb_incr                               | design_1_i/axi_smc/inst/s00_nodes/s00_r_node/inst/inst_mi_handler/m_sc_areset_r                                                                                                   |                5 |             43 |         8.60 |
|  design_1_i/zynq_ultra_ps_e_0/inst/pl_clk0 | design_1_i/axi_smc/inst/m01_nodes/m01_r_node/inst/inst_mi_handler/gen_normal_area.inst_fifo_node_payld/gen_xpm_memory_fifo.inst_fifo/gen_mem_rep[0].inst_rd_addrb/rd_addrb_incr                               | design_1_i/axi_smc/inst/m01_nodes/m01_r_node/inst/inst_mi_handler/m_sc_areset_r                                                                                                   |                6 |             45 |         7.50 |
|  design_1_i/zynq_ultra_ps_e_0/inst/pl_clk0 |                                                                                                                                                                                                               | design_1_i/axi_fifo_mm_s_0/U0/COMP_IPIC2AXI_S/gtxd.COMP_TXD_FIFO/gfifo_gen.COMP_AXIS_FG_FIFO/COMP_FIFO/xpm_fifo_base_inst/xpm_fifo_rst_inst/gen_rst_cc.fifo_wr_rst_cc_reg[2]_0[0] |               11 |             45 |         4.09 |
|  design_1_i/zynq_ultra_ps_e_0/inst/pl_clk0 | design_1_i/axi_smc/inst/m02_nodes/m02_r_node/inst/inst_mi_handler/gen_normal_area.inst_fifo_node_payld/gen_xpm_memory_fifo.inst_fifo/gen_mem_rep[0].inst_rd_addrb/rd_addrb_incr                               | design_1_i/axi_smc/inst/m02_nodes/m02_r_node/inst/inst_mi_handler/m_sc_areset_r                                                                                                   |                6 |             45 |         7.50 |
|  design_1_i/zynq_ultra_ps_e_0/inst/pl_clk0 | design_1_i/axi_smc/inst/m00_nodes/m00_r_node/inst/inst_mi_handler/gen_normal_area.inst_fifo_node_payld/gen_xpm_memory_fifo.inst_fifo/gen_mem_rep[0].inst_rd_addrb/rd_addrb_incr                               | design_1_i/axi_smc/inst/m00_nodes/m00_r_node/inst/inst_mi_handler/m_sc_areset_r                                                                                                   |                6 |             45 |         7.50 |
|  design_1_i/zynq_ultra_ps_e_0/inst/pl_clk0 | design_1_i/axi_smc/inst/s00_nodes/s00_w_node/inst/inst_mi_handler/gen_normal_area.inst_fifo_node_payld/gen_xpm_memory_fifo.inst_fifo/gen_mem_rep[0].inst_rd_addrb/rd_addrb_incr                               | design_1_i/axi_smc/inst/s00_nodes/s00_w_node/inst/inst_mi_handler/m_sc_areset_r                                                                                                   |                5 |             46 |         9.20 |
|  design_1_i/zynq_ultra_ps_e_0/inst/pl_clk0 | design_1_i/axi_smc/inst/m00_nodes/m00_ar_node/inst/inst_mi_handler/gen_normal_area.inst_fifo_node_payld/gen_xpm_memory_fifo.inst_fifo/wr_wea                                                                  |                                                                                                                                                                                   |                3 |             48 |        16.00 |
|  design_1_i/zynq_ultra_ps_e_0/inst/pl_clk0 | design_1_i/axi_smc/inst/m00_nodes/m00_r_node/inst/inst_mi_handler/gen_normal_area.inst_fifo_node_payld/gen_xpm_memory_fifo.inst_fifo/wr_wea                                                                   |                                                                                                                                                                                   |                3 |             48 |        16.00 |
|  design_1_i/zynq_ultra_ps_e_0/inst/pl_clk0 | design_1_i/axi_smc/inst/m01_nodes/m01_r_node/inst/inst_mi_handler/gen_normal_area.inst_fifo_node_payld/gen_xpm_memory_fifo.inst_fifo/wr_wea                                                                   |                                                                                                                                                                                   |                3 |             48 |        16.00 |
|  design_1_i/zynq_ultra_ps_e_0/inst/pl_clk0 | design_1_i/axi_smc/inst/s00_nodes/s00_r_node/inst/inst_mi_handler/gen_normal_area.inst_fifo_node_payld/gen_xpm_memory_fifo.inst_fifo/wr_wea                                                                   |                                                                                                                                                                                   |                3 |             48 |        16.00 |
|  design_1_i/zynq_ultra_ps_e_0/inst/pl_clk0 | design_1_i/axi_smc/inst/s00_nodes/s00_w_node/inst/inst_mi_handler/gen_normal_area.inst_fifo_node_payld/gen_xpm_memory_fifo.inst_fifo/wr_wea                                                                   |                                                                                                                                                                                   |                3 |             48 |        16.00 |
|  design_1_i/zynq_ultra_ps_e_0/inst/pl_clk0 | design_1_i/axi_smc/inst/m00_nodes/m00_w_node/inst/inst_mi_handler/gen_normal_area.inst_fifo_node_payld/gen_xpm_memory_fifo.inst_fifo/wr_wea                                                                   |                                                                                                                                                                                   |                3 |             48 |        16.00 |
|  design_1_i/zynq_ultra_ps_e_0/inst/pl_clk0 | design_1_i/axi_smc/inst/m02_nodes/m02_w_node/inst/inst_mi_handler/gen_normal_area.inst_fifo_node_payld/gen_xpm_memory_fifo.inst_fifo/wr_wea                                                                   |                                                                                                                                                                                   |                3 |             48 |        16.00 |
|  design_1_i/zynq_ultra_ps_e_0/inst/pl_clk0 | design_1_i/axi_smc/inst/m01_nodes/m01_w_node/inst/inst_mi_handler/gen_normal_area.inst_fifo_node_payld/gen_xpm_memory_fifo.inst_fifo/wr_wea                                                                   |                                                                                                                                                                                   |                3 |             48 |        16.00 |
|  design_1_i/zynq_ultra_ps_e_0/inst/pl_clk0 | design_1_i/axi_smc/inst/m02_nodes/m02_r_node/inst/inst_mi_handler/gen_normal_area.inst_fifo_node_payld/gen_xpm_memory_fifo.inst_fifo/wr_wea                                                                   |                                                                                                                                                                                   |                3 |             48 |        16.00 |
|  design_1_i/zynq_ultra_ps_e_0/inst/pl_clk0 | design_1_i/axi_smc/inst/m01_nodes/m01_aw_node/inst/inst_mi_handler/gen_normal_area.inst_fifo_node_payld/gen_xpm_memory_fifo.inst_fifo/gen_mem_rep[0].inst_rd_addrb/rd_addrb_incr                              | design_1_i/axi_smc/inst/m01_nodes/m01_aw_node/inst/inst_mi_handler/m_sc_areset_r                                                                                                  |                5 |             49 |         9.80 |
|  design_1_i/zynq_ultra_ps_e_0/inst/pl_clk0 | design_1_i/axi_smc/inst/m01_nodes/m01_ar_node/inst/inst_mi_handler/gen_normal_area.inst_fifo_node_payld/gen_xpm_memory_fifo.inst_fifo/gen_mem_rep[0].inst_rd_addrb/rd_addrb_incr                              | design_1_i/axi_smc/inst/m01_nodes/m01_ar_node/inst/inst_mi_handler/m_sc_areset_r                                                                                                  |                6 |             50 |         8.33 |
|  design_1_i/zynq_ultra_ps_e_0/inst/pl_clk0 | design_1_i/axi_smc/inst/s00_entry_pipeline/s00_mmu/inst/r_sreg/m_vector_i[0]                                                                                                                                  |                                                                                                                                                                                   |               17 |             51 |         3.00 |
|  design_1_i/zynq_ultra_ps_e_0/inst/pl_clk0 | design_1_i/axi_smc/inst/m01_nodes/m01_aw_node/inst/inst_mi_handler/gen_normal_area.inst_fifo_node_payld/gen_xpm_memory_fifo.inst_fifo/wr_wea                                                                  |                                                                                                                                                                                   |                4 |             64 |        16.00 |
|  design_1_i/zynq_ultra_ps_e_0/inst/pl_clk0 | design_1_i/axi_smc/inst/m01_nodes/m01_ar_node/inst/inst_mi_handler/gen_normal_area.inst_fifo_node_payld/gen_xpm_memory_fifo.inst_fifo/wr_wea                                                                  |                                                                                                                                                                                   |                4 |             64 |        16.00 |
|  design_1_i/zynq_ultra_ps_e_0/inst/pl_clk0 | design_1_i/axi_smc/inst/s00_nodes/s00_ar_node/inst/inst_mi_handler/gen_normal_area.inst_fifo_node_payld/gen_xpm_memory_fifo.inst_fifo/gen_mem_rep[0].inst_rd_addrb/rd_addrb_incr                              | design_1_i/axi_smc/inst/s00_nodes/s00_ar_node/inst/inst_mi_handler/m_sc_areset_r                                                                                                  |                8 |             65 |         8.12 |
|  design_1_i/zynq_ultra_ps_e_0/inst/pl_clk0 | design_1_i/axi_smc/inst/s00_nodes/s00_aw_node/inst/inst_mi_handler/gen_normal_area.inst_fifo_node_payld/gen_xpm_memory_fifo.inst_fifo/gen_mem_rep[0].inst_rd_addrb/rd_addrb_incr                              | design_1_i/axi_smc/inst/s00_nodes/s00_aw_node/inst/inst_mi_handler/m_sc_areset_r                                                                                                  |                9 |             66 |         7.33 |
|  design_1_i/zynq_ultra_ps_e_0/inst/pl_clk0 |                                                                                                                                                                                                               | design_1_i/axi_smc/inst/clk_map/psr_aclk/U0/interconnect_aresetn[0]                                                                                                               |               26 |             78 |         3.00 |
|  design_1_i/zynq_ultra_ps_e_0/inst/pl_clk0 | design_1_i/axi_fifo_mm_s_0/U0/COMP_IPIC2AXI_S/grxd.COMP_rx_len_fifo/xpm_fifo_base_inst/rdpp1_inst/FSM_sequential_gen_fwft.curr_fwft_state_reg[1]                                                              |                                                                                                                                                                                   |               13 |             82 |         6.31 |
|  design_1_i/zynq_ultra_ps_e_0/inst/pl_clk0 | design_1_i/axi_smc/inst/s00_entry_pipeline/s00_mmu/inst/ar_sreg/skid_buffer[1144]_i_1__1_n_0                                                                                                                  |                                                                                                                                                                                   |               14 |             83 |         5.93 |
|  design_1_i/zynq_ultra_ps_e_0/inst/pl_clk0 | design_1_i/axi_smc/inst/s00_entry_pipeline/s00_mmu/inst/aw_sreg/skid_buffer[1144]_i_1__2_n_0                                                                                                                  |                                                                                                                                                                                   |               12 |             83 |         6.92 |
|  design_1_i/zynq_ultra_ps_e_0/inst/pl_clk0 | design_1_i/axi_smc/inst/s00_entry_pipeline/s00_mmu/inst/ar_sreg/m_vector_i[0]                                                                                                                                 |                                                                                                                                                                                   |               14 |             83 |         5.93 |
|  design_1_i/zynq_ultra_ps_e_0/inst/pl_clk0 | design_1_i/axi_smc/inst/s00_entry_pipeline/s00_mmu/inst/aw_sreg/m_vector_i[0]                                                                                                                                 |                                                                                                                                                                                   |               12 |             83 |         6.92 |
|  design_1_i/zynq_ultra_ps_e_0/inst/pl_clk0 | design_1_i/axi_smc/inst/s00_entry_pipeline/s00_si_converter/inst/converter.low_area_converter.low_area_wrap_inst/aw_user[0]                                                                                   | design_1_i/axi_smc/inst/s00_entry_pipeline/s00_si_converter/inst/areset                                                                                                           |               27 |             85 |         3.15 |
|  design_1_i/zynq_ultra_ps_e_0/inst/pl_clk0 | design_1_i/axi_smc/inst/s00_entry_pipeline/s00_mmu/inst/ar_reg_stall/m_vector_i[0]                                                                                                                            |                                                                                                                                                                                   |               20 |             86 |         4.30 |
|  design_1_i/zynq_ultra_ps_e_0/inst/pl_clk0 | design_1_i/axi_smc/inst/s00_entry_pipeline/s00_mmu/inst/ar_reg_stall/skid_buffer[1144]_i_1_n_0                                                                                                                |                                                                                                                                                                                   |               23 |             86 |         3.74 |
|  design_1_i/zynq_ultra_ps_e_0/inst/pl_clk0 | design_1_i/axi_smc/inst/s00_entry_pipeline/s00_mmu/inst/aw_reg_stall/m_vector_i[0]                                                                                                                            |                                                                                                                                                                                   |               22 |             86 |         3.91 |
|  design_1_i/zynq_ultra_ps_e_0/inst/pl_clk0 | design_1_i/axi_smc/inst/s00_entry_pipeline/s00_mmu/inst/aw_reg_stall/skid_buffer[1144]_i_1__0_n_0                                                                                                             |                                                                                                                                                                                   |               22 |             86 |         3.91 |
|  design_1_i/zynq_ultra_ps_e_0/inst/pl_clk0 | design_1_i/axi_smc/inst/s00_entry_pipeline/s00_si_converter/inst/converter.low_area_converter.low_area_wrap_inst/ar_user[0]                                                                                   | design_1_i/axi_smc/inst/s00_entry_pipeline/s00_si_converter/inst/areset                                                                                                           |               28 |             91 |         3.25 |
|  design_1_i/zynq_ultra_ps_e_0/inst/pl_clk0 | design_1_i/axi_smc/inst/s00_entry_pipeline/s00_transaction_regulator/inst/gen_endpoint.gen_r_multithread.r_multithread/cmd_reg/state_reg[s_ready_i]_0[0]                                                      |                                                                                                                                                                                   |               36 |             93 |         2.58 |
|  design_1_i/zynq_ultra_ps_e_0/inst/pl_clk0 | design_1_i/axi_smc/inst/s00_entry_pipeline/s00_transaction_regulator/inst/gen_endpoint.gen_w_multithread.w_multithread/cmd_reg/m_vector_i[0]                                                                  |                                                                                                                                                                                   |               21 |             93 |         4.43 |
|  design_1_i/zynq_ultra_ps_e_0/inst/pl_clk0 | design_1_i/axi_smc/inst/s00_entry_pipeline/s00_transaction_regulator/inst/gen_endpoint.gen_w_multithread.w_multithread/cmd_reg/E[0]                                                                           |                                                                                                                                                                                   |               36 |             93 |         2.58 |
|  design_1_i/zynq_ultra_ps_e_0/inst/pl_clk0 | design_1_i/axi_smc/inst/s00_entry_pipeline/s00_transaction_regulator/inst/gen_endpoint.gen_r_multithread.r_multithread/cmd_reg/m_vector_i[0]                                                                  |                                                                                                                                                                                   |               23 |             93 |         4.04 |
|  design_1_i/zynq_ultra_ps_e_0/inst/pl_clk0 | design_1_i/axi_smc/inst/s00_entry_pipeline/s00_transaction_regulator/inst/gen_endpoint.gen_w_multithread.w_multithread/cmd_reg/skid_buffer[1144]_i_1_n_0                                                      |                                                                                                                                                                                   |               21 |             93 |         4.43 |
|  design_1_i/zynq_ultra_ps_e_0/inst/pl_clk0 | design_1_i/axi_smc/inst/s00_entry_pipeline/s00_transaction_regulator/inst/gen_endpoint.gen_r_multithread.r_multithread/cmd_reg/skid_buffer[1144]_i_1__0_n_0                                                   |                                                                                                                                                                                   |               24 |             93 |         3.88 |
|  design_1_i/zynq_ultra_ps_e_0/inst/pl_clk0 | design_1_i/axi_smc/inst/s00_nodes/s00_ar_node/inst/inst_mi_handler/gen_normal_area.inst_fifo_node_payld/gen_xpm_memory_fifo.inst_fifo/wr_wea                                                                  |                                                                                                                                                                                   |                6 |             96 |        16.00 |
|  design_1_i/zynq_ultra_ps_e_0/inst/pl_clk0 | design_1_i/axi_smc/inst/s00_nodes/s00_aw_node/inst/inst_mi_handler/gen_normal_area.inst_fifo_node_payld/gen_xpm_memory_fifo.inst_fifo/wr_wea                                                                  |                                                                                                                                                                                   |                6 |             96 |        16.00 |
|  design_1_i/zynq_ultra_ps_e_0/inst/pl_clk0 |                                                                                                                                                                                                               |                                                                                                                                                                                   |              128 |            430 |         3.36 |
+--------------------------------------------+---------------------------------------------------------------------------------------------------------------------------------------------------------------------------------------------------------------+-----------------------------------------------------------------------------------------------------------------------------------------------------------------------------------+------------------+----------------+--------------+


